loan_id,customer_id,loan_type,loan_amount,loan_term_months,interest_rate,application_date,loan_status
L0001,C0001,Personal,4851726,36,13.14%,2021-11-28,Closed
L0002,C0002,Education,4176791,180,8.27%,2022-04-21,Active
L0003,C0003,Home Loan,550299,60,8.71%,2024-07-07,Closed
L0004,C0004,Home Loan,3897416,36,14.63%,2024-02-28,Default
L0005,C0005,Education,2497843,24,12.42%,2022-12-27,Default
L0006,C0006,Auto Loan,3100175,60,12.79%,2022-01-04,Closed
L0007,C0007,Personal,1799171,60,10.20%,2022-11-29,Default
L0008,C0008,Auto Loan,4050971,60,12.45%,2020-11-04,Active
L0009,C0009,Personal,918140,12,8.92%,2022-01-02,Closed
L0010,C0010,Education,1839957,120,12.61%,2023-05-18,Default
L0011,C0011,Personal,1854001,180,9.17%,2023-07-05,Closed
L0012,C0012,Home Loan,2372512,36,10.03%,2023-11-28,Default
L0013,C0013,Education,704465,12,13.09%,2024-03-06,Closed
L0014,C0014,Personal,955487,24,7.09%,2024-02-15,Active
L0015,C0015,Education,2348903,12,8.33%,2023-04-26,Active
L0016,C0016,Auto Loan,4598711,180,10.74%,2024-03-28,Closed
L0017,C0017,Personal,4086408,120,10.33%,2020-09-02,Closed
L0018,C0018,Auto Loan,2200319,24,14.64%,2024-06-30,Default
L0019,C0019,Auto Loan,1034082,60,10.15%,2025-01-22,Closed
L0020,C0020,Personal,4709172,36,14.25%,2024-12-18,Active
L0021,C0021,Home Loan,4940434,12,8.38%,2020-09-18,Default
L0022,C0022,Auto Loan,306092,12,7.84%,2024-11-11,Default
L0023,C0023,Auto Loan,2807784,24,14.98%,2020-09-15,Active
L0024,C0024,Education,3457736,180,11.14%,2022-06-08,Closed
L0025,C0025,Auto Loan,947019,12,11.03%,2022-03-19,Active
L0026,C0026,Home Loan,3551713,24,9.52%,2024-02-14,Active
L0027,C0027,Education,3553121,12,12.95%,2023-06-22,Closed
L0028,C0028,Personal,4321339,60,9.38%,2023-02-05,Active
L0029,C0029,Personal,3654461,60,10.47%,2021-10-07,Default
L0030,C0030,Home Loan,4332540,120,12.56%,2024-06-30,Active
L0031,C0031,Education,2844454,120,12.73%,2024-02-25,Active
L0032,C0032,Personal,333484,60,9.56%,2020-09-14,Active
L0033,C0033,Personal,1859904,24,11.23%,2020-07-22,Active
L0034,C0034,Personal,4185000,36,8.26%,2021-06-27,Closed
L0035,C0035,Education,3955462,180,13.88%,2024-07-09,Closed
L0036,C0036,Home Loan,2902953,180,9.44%,2021-07-19,Active
L0037,C0037,Home Loan,3540437,60,13.03%,2024-05-11,Active
L0038,C0038,Home Loan,1194387,36,14.21%,2020-12-23,Closed
L0039,C0039,Education,1710892,120,9.08%,2022-09-29,Default
L0040,C0040,Auto Loan,3791200,12,12.09%,2021-11-26,Closed
L0041,C0041,Education,1367868,12,12.97%,2021-04-24,Closed
L0042,C0042,Home Loan,463291,180,10.10%,2022-01-16,Active
L0043,C0043,Home Loan,2591812,60,12.33%,2022-03-25,Closed
L0044,C0044,Auto Loan,1120912,120,10.00%,2023-10-11,Active
L0045,C0045,Home Loan,2285450,36,14.12%,2024-11-07,Closed
L0046,C0046,Auto Loan,3635368,24,12.56%,2020-06-18,Default
L0047,C0047,Home Loan,1929213,24,7.72%,2025-03-23,Closed
L0048,C0048,Personal,1615630,120,8.25%,2024-03-30,Active
L0049,C0049,Home Loan,2936313,60,8.68%,2024-10-06,Closed
L0050,C0050,Home Loan,2081490,120,10.01%,2024-04-04,Closed
L0051,C0051,Auto Loan,3286353,12,7.83%,2025-05-08,Active
L0052,C0052,Home Loan,720724,12,7.51%,2022-09-05,Closed
L0053,C0053,Education,2603068,60,13.40%,2022-09-13,Active
L0054,C0054,Auto Loan,2838927,180,13.45%,2024-10-25,Default
L0055,C0055,Auto Loan,3242236,12,14.50%,2021-01-02,Closed
L0056,C0056,Auto Loan,4074827,36,11.24%,2023-02-15,Default
L0057,C0057,Home Loan,2373799,36,8.49%,2024-05-12,Closed
L0058,C0058,Personal,2011980,120,6.88%,2022-12-30,Closed
L0059,C0059,Auto Loan,313141,36,7.34%,2020-09-10,Closed
L0060,C0060,Auto Loan,2937856,180,10.23%,2020-09-05,Closed
L0061,C0061,Home Loan,3954075,36,11.46%,2024-10-25,Default
L0062,C0062,Auto Loan,959414,24,9.11%,2021-05-08,Active
L0063,C0063,Education,2817727,120,10.97%,2024-11-15,Closed
L0064,C0064,Home Loan,203147,120,9.60%,2021-03-31,Active
L0065,C0065,Auto Loan,4166583,180,8.91%,2022-06-12,Active
L0066,C0066,Personal,3421332,120,13.17%,2025-02-06,Default
L0067,C0067,Education,3811336,12,10.95%,2020-11-13,Active
L0068,C0068,Personal,4574423,120,12.04%,2020-10-04,Default
L0069,C0069,Home Loan,1668408,24,12.59%,2021-02-03,Default
L0070,C0070,Auto Loan,4731513,36,11.52%,2022-05-17,Active
L0071,C0071,Auto Loan,2108923,12,14.04%,2023-05-14,Closed
L0072,C0072,Education,4510050,180,8.81%,2023-03-09,Default
L0073,C0073,Education,1853818,120,9.69%,2020-11-27,Closed
L0074,C0074,Auto Loan,3238013,180,8.19%,2020-09-02,Active
L0075,C0075,Home Loan,3534678,12,13.91%,2024-11-23,Default
L0076,C0076,Education,3770424,60,12.63%,2022-12-31,Closed
L0077,C0077,Personal,4054506,12,9.03%,2022-06-18,Closed
L0078,C0078,Personal,2817870,180,11.94%,2021-09-08,Active
L0079,C0079,Home Loan,3874413,12,14.38%,2022-10-07,Closed
L0080,C0080,Education,4935354,36,6.76%,2023-01-29,Closed
L0081,C0081,Auto Loan,362866,24,7.59%,2021-12-30,Closed
L0082,C0082,Education,1686986,36,12.30%,2022-02-27,Closed
L0083,C0083,Personal,4289162,180,13.10%,2020-10-29,Active
L0084,C0084,Personal,2192832,60,9.33%,2022-01-15,Active
L0085,C0085,Auto Loan,179274,120,11.29%,2022-11-06,Closed
L0086,C0086,Auto Loan,3148947,24,7.11%,2021-03-18,Closed
L0087,C0087,Personal,1804006,24,10.40%,2024-01-16,Default
L0088,C0088,Home Loan,3246228,120,11.33%,2023-05-04,Active
L0089,C0089,Education,2662226,120,10.79%,2021-02-28,Default
L0090,C0090,Education,401789,180,10.60%,2021-02-11,Default
L0091,C0091,Home Loan,3418426,60,9.36%,2023-12-08,Default
L0092,C0092,Personal,1264228,120,13.91%,2023-07-15,Closed
L0093,C0093,Education,3324593,12,7.17%,2022-10-14,Active
L0094,C0094,Personal,3854088,180,9.19%,2021-12-19,Closed
L0095,C0095,Education,4431041,24,13.72%,2022-10-30,Active
L0096,C0096,Home Loan,4577189,120,9.20%,2021-12-04,Active
L0097,C0097,Education,321516,12,8.44%,2022-10-25,Closed
L0098,C0098,Auto Loan,4376251,24,11.01%,2022-10-03,Default
L0099,C0099,Auto Loan,1839038,120,11.16%,2021-06-25,Default
L0100,C0100,Home Loan,4547504,120,14.39%,2022-08-22,Active
L0101,C0101,Auto Loan,1449352,36,14.82%,2021-07-06,Default
L0102,C0102,Personal,4946702,180,8.33%,2023-04-21,Active
L0103,C0103,Home Loan,4024223,12,7.69%,2022-07-02,Default
L0104,C0104,Education,264129,24,7.96%,2021-07-12,Default
L0105,C0105,Personal,1143625,12,6.64%,2024-05-10,Default
L0106,C0106,Home Loan,4638624,180,11.03%,2021-05-13,Active
L0107,C0107,Home Loan,1842977,12,10.68%,2021-05-25,Default
L0108,C0108,Personal,763838,24,10.78%,2025-02-03,Active
L0109,C0109,Education,306765,180,11.31%,2021-02-07,Closed
L0110,C0110,Auto Loan,3414138,60,13.65%,2024-08-06,Default
L0111,C0111,Auto Loan,4982533,36,10.61%,2022-06-06,Active
L0112,C0112,Personal,1884482,24,10.94%,2022-05-12,Closed
L0113,C0113,Personal,2480541,120,7.40%,2021-01-23,Active
L0114,C0114,Personal,327091,24,13.13%,2024-10-25,Default
L0115,C0115,Education,1459241,24,13.79%,2024-01-04,Active
L0116,C0116,Personal,351508,24,7.72%,2024-12-11,Active
L0117,C0117,Personal,1569192,180,13.49%,2021-09-18,Closed
L0118,C0118,Personal,413566,60,9.41%,2024-04-21,Default
L0119,C0119,Education,4572920,12,10.87%,2024-05-14,Closed
L0120,C0120,Personal,3375861,12,8.69%,2021-09-12,Active
L0121,C0121,Auto Loan,1419451,60,12.62%,2023-01-04,Closed
L0122,C0122,Home Loan,458080,120,8.95%,2023-09-13,Default
L0123,C0123,Personal,4875828,24,6.56%,2025-05-19,Active
L0124,C0124,Education,2885726,12,14.76%,2024-05-28,Active
L0125,C0125,Personal,2937773,12,7.41%,2022-02-20,Default
L0126,C0126,Home Loan,4239038,120,10.13%,2023-02-16,Closed
L0127,C0127,Education,2884360,120,11.36%,2023-10-04,Closed
L0128,C0128,Home Loan,4544814,180,14.75%,2023-10-09,Default
L0129,C0129,Education,285810,36,11.31%,2023-03-30,Active
L0130,C0130,Education,4820444,180,10.64%,2025-01-13,Closed
L0131,C0131,Personal,211625,60,10.03%,2021-09-27,Closed
L0132,C0132,Auto Loan,4997511,12,6.77%,2024-03-27,Closed
L0133,C0133,Personal,3711044,120,11.73%,2024-09-04,Active
L0134,C0134,Auto Loan,1183560,180,13.29%,2023-08-03,Default
L0135,C0135,Home Loan,1402176,60,9.67%,2023-07-13,Active
L0136,C0136,Home Loan,4504514,60,13.10%,2023-02-22,Closed
L0137,C0137,Education,4662612,120,7.29%,2021-10-31,Active
L0138,C0138,Personal,1916667,180,14.16%,2025-06-02,Closed
L0139,C0139,Personal,4548504,24,8.22%,2021-08-09,Default
L0140,C0140,Auto Loan,2035229,60,11.70%,2021-02-05,Default
L0141,C0141,Auto Loan,1438833,12,10.41%,2025-02-09,Closed
L0142,C0142,Auto Loan,3050175,24,7.23%,2024-02-02,Active
L0143,C0143,Personal,4217762,180,7.28%,2025-01-14,Active
L0144,C0144,Auto Loan,4509177,24,11.11%,2024-02-14,Default
L0145,C0145,Personal,4493739,60,7.99%,2024-04-20,Active
L0146,C0146,Education,4616610,24,11.12%,2023-02-07,Closed
L0147,C0147,Auto Loan,528527,24,11.20%,2020-12-19,Active
L0148,C0148,Home Loan,2912457,120,14.22%,2023-05-30,Closed
L0149,C0149,Personal,3614707,36,6.67%,2021-03-12,Default
L0150,C0150,Auto Loan,3328983,24,9.45%,2022-01-24,Default
L0151,C0151,Education,1178440,60,13.01%,2025-04-12,Active
L0152,C0152,Auto Loan,3461316,36,14.34%,2022-08-10,Closed
L0153,C0153,Education,2433912,24,6.97%,2024-03-22,Active
L0154,C0154,Home Loan,2022178,36,11.23%,2024-07-23,Active
L0155,C0155,Auto Loan,2648120,180,7.84%,2024-03-07,Default
L0156,C0156,Home Loan,4320302,12,14.79%,2022-04-28,Active
L0157,C0157,Education,892556,36,9.03%,2021-11-23,Default
L0158,C0158,Auto Loan,474885,180,7.28%,2024-10-30,Default
L0159,C0159,Education,4154612,120,6.99%,2021-03-11,Closed
L0160,C0160,Education,974618,60,7.75%,2023-08-22,Closed
L0161,C0161,Home Loan,4982419,120,11.98%,2024-06-21,Default
L0162,C0162,Personal,1137611,60,12.31%,2022-08-26,Default
L0163,C0163,Personal,4919094,120,13.02%,2021-10-23,Closed
L0164,C0164,Auto Loan,2323171,120,10.93%,2024-04-10,Closed
L0165,C0165,Auto Loan,3158876,60,7.47%,2020-10-23,Active
L0166,C0166,Auto Loan,3615623,36,9.47%,2023-09-03,Active
L0167,C0167,Education,2405169,24,14.49%,2023-04-25,Closed
L0168,C0168,Auto Loan,4852666,180,13.26%,2021-11-21,Default
L0169,C0169,Auto Loan,1587349,24,12.88%,2024-09-30,Active
L0170,C0170,Personal,563724,36,14.73%,2022-02-24,Active
L0171,C0171,Auto Loan,1608221,120,10.23%,2023-02-15,Default
L0172,C0172,Education,3348725,120,7.29%,2023-06-30,Default
L0173,C0173,Home Loan,377684,60,7.15%,2022-07-06,Active
L0174,C0174,Auto Loan,102790,12,11.25%,2021-07-27,Default
L0175,C0175,Auto Loan,4794560,60,13.47%,2022-08-16,Default
L0176,C0176,Home Loan,2343620,24,11.07%,2023-01-23,Default
L0177,C0177,Personal,2288328,180,13.21%,2025-01-25,Active
L0178,C0178,Home Loan,2827412,60,11.85%,2021-07-14,Closed
L0179,C0179,Home Loan,819648,180,9.58%,2021-08-21,Default
L0180,C0180,Auto Loan,3523971,24,6.74%,2022-02-10,Closed
L0181,C0181,Education,1963352,12,13.92%,2021-08-28,Default
L0182,C0182,Auto Loan,1038662,24,9.32%,2024-04-06,Closed
L0183,C0183,Home Loan,3572601,120,9.23%,2020-08-11,Active
L0184,C0184,Home Loan,4505300,60,10.94%,2022-10-02,Closed
L0185,C0185,Auto Loan,1132865,120,7.21%,2022-09-26,Default
L0186,C0186,Personal,772925,36,10.22%,2022-05-26,Active
L0187,C0187,Home Loan,1449144,36,11.93%,2024-09-17,Default
L0188,C0188,Home Loan,4438285,60,12.10%,2025-06-10,Default
L0189,C0189,Home Loan,2014330,60,12.92%,2022-03-14,Default
L0190,C0190,Personal,4765428,24,7.57%,2022-02-07,Closed
L0191,C0191,Auto Loan,4751229,180,11.08%,2022-09-16,Closed
L0192,C0192,Personal,4605941,120,14.11%,2021-12-27,Default
L0193,C0193,Personal,1524876,24,11.15%,2021-04-01,Active
L0194,C0194,Home Loan,2818889,12,12.75%,2020-07-20,Closed
L0195,C0195,Education,3087486,36,12.49%,2025-03-14,Closed
L0196,C0196,Home Loan,4219546,12,13.43%,2023-02-14,Default
L0197,C0197,Education,137315,12,11.61%,2023-12-28,Closed
L0198,C0198,Personal,841689,36,12.83%,2023-10-03,Closed
L0199,C0199,Education,3255160,36,12.62%,2021-12-25,Active
L0200,C0200,Education,3711682,180,11.44%,2022-12-09,Active
L0201,C0201,Personal,784515,60,8.39%,2022-08-07,Default
L0202,C0202,Education,3096731,60,8.00%,2022-08-11,Default
L0203,C0203,Home Loan,3924140,60,11.58%,2024-03-29,Closed
L0204,C0204,Personal,3647114,60,10.65%,2025-04-21,Default
L0205,C0205,Home Loan,3919140,60,14.66%,2024-01-21,Default
L0206,C0206,Home Loan,4039110,60,7.47%,2025-05-17,Active
L0207,C0207,Personal,1678125,24,9.12%,2022-08-17,Closed
L0208,C0208,Auto Loan,424861,120,13.30%,2021-08-11,Default
L0209,C0209,Personal,4151904,24,11.80%,2022-03-28,Closed
L0210,C0210,Home Loan,4420618,24,9.65%,2021-10-02,Default
L0211,C0211,Education,424607,180,14.95%,2020-08-16,Active
L0212,C0212,Personal,1310335,120,8.77%,2024-08-15,Active
L0213,C0213,Personal,3236210,60,10.59%,2024-05-25,Default
L0214,C0214,Home Loan,268731,180,9.69%,2022-12-11,Default
L0215,C0215,Home Loan,3784119,120,13.75%,2025-05-22,Active
L0216,C0216,Education,1079228,36,10.01%,2022-11-04,Closed
L0217,C0217,Personal,2323855,120,9.76%,2024-03-17,Active
L0218,C0218,Home Loan,3529431,24,13.35%,2024-10-05,Default
L0219,C0219,Home Loan,847902,60,14.59%,2023-04-07,Closed
L0220,C0220,Home Loan,836944,36,11.81%,2024-02-26,Active
L0221,C0221,Education,189526,24,13.37%,2020-09-16,Active
L0222,C0222,Auto Loan,2530292,180,12.06%,2022-09-12,Closed
L0223,C0223,Auto Loan,3225821,36,9.57%,2020-12-06,Active
L0224,C0224,Personal,4898230,180,13.55%,2022-12-11,Closed
L0225,C0225,Personal,2881595,120,14.18%,2021-03-10,Closed
L0226,C0226,Home Loan,859554,12,6.78%,2023-12-15,Closed
L0227,C0227,Education,1679380,36,13.47%,2022-01-31,Active
L0228,C0228,Home Loan,2404828,180,8.87%,2021-11-13,Closed
L0229,C0229,Auto Loan,3643315,36,11.72%,2022-08-29,Default
L0230,C0230,Auto Loan,952011,120,7.25%,2023-02-23,Default
L0231,C0231,Auto Loan,3712439,12,6.95%,2022-08-01,Default
L0232,C0232,Auto Loan,845699,180,6.58%,2021-06-20,Active
L0233,C0233,Personal,3429017,120,9.30%,2021-06-12,Active
L0234,C0234,Auto Loan,3518875,60,7.96%,2021-01-18,Default
L0235,C0235,Auto Loan,4440089,60,6.72%,2021-11-15,Default
L0236,C0236,Personal,2963412,60,7.56%,2024-12-28,Default
L0237,C0237,Personal,1373233,120,7.40%,2023-05-28,Active
L0238,C0238,Personal,737381,60,6.96%,2022-09-18,Active
L0239,C0239,Home Loan,3970214,24,12.63%,2023-12-15,Default
L0240,C0240,Auto Loan,4813262,180,9.13%,2024-04-12,Default
L0241,C0241,Education,104782,24,10.20%,2020-10-20,Default
L0242,C0242,Home Loan,2526491,24,8.67%,2021-09-19,Active
L0243,C0243,Auto Loan,2233280,24,7.57%,2024-01-30,Default
L0244,C0244,Home Loan,2498607,60,14.21%,2023-06-04,Closed
L0245,C0245,Education,505160,24,8.13%,2021-05-18,Closed
L0246,C0246,Auto Loan,4367748,180,12.52%,2022-09-15,Closed
L0247,C0247,Auto Loan,902271,180,8.79%,2024-11-12,Default
L0248,C0248,Home Loan,1843280,60,12.74%,2025-04-08,Closed
L0249,C0249,Education,4367132,180,12.12%,2022-05-09,Active
L0250,C0250,Personal,1646517,60,14.92%,2023-09-25,Active
L0251,C0251,Education,1413505,120,14.37%,2023-12-02,Default
L0252,C0252,Education,1052305,36,12.11%,2024-01-20,Active
L0253,C0253,Personal,804786,12,10.62%,2022-10-03,Closed
L0254,C0254,Home Loan,3097711,12,9.04%,2023-12-02,Active
L0255,C0255,Education,2830849,36,13.76%,2024-10-12,Active
L0256,C0256,Personal,3856001,36,10.80%,2022-10-24,Closed
L0257,C0257,Auto Loan,4806894,120,13.27%,2021-03-02,Default
L0258,C0258,Auto Loan,4867651,120,14.86%,2022-07-23,Default
L0259,C0259,Home Loan,543676,120,13.26%,2020-12-29,Active
L0260,C0260,Auto Loan,1923205,120,7.58%,2025-03-16,Default
L0261,C0261,Education,387185,180,8.31%,2024-07-01,Closed
L0262,C0262,Education,2733850,36,12.10%,2021-09-02,Closed
L0263,C0263,Auto Loan,3548847,180,10.35%,2021-01-30,Active
L0264,C0264,Education,2095704,180,9.88%,2021-11-28,Active
L0265,C0265,Education,1859645,36,7.53%,2025-01-30,Active
L0266,C0266,Personal,2819627,12,10.76%,2023-05-01,Closed
L0267,C0267,Personal,4189105,60,12.92%,2022-08-10,Active
L0268,C0268,Personal,2627540,24,9.67%,2021-01-28,Default
L0269,C0269,Education,4099096,120,12.61%,2021-05-14,Closed
L0270,C0270,Education,3589831,36,10.94%,2025-05-22,Active
L0271,C0271,Auto Loan,312030,180,6.85%,2024-01-01,Closed
L0272,C0272,Personal,3659296,24,11.59%,2022-09-10,Default
L0273,C0273,Education,4822042,24,13.03%,2025-02-23,Active
L0274,C0274,Home Loan,762104,120,14.10%,2021-12-02,Active
L0275,C0275,Home Loan,1553998,120,8.70%,2024-07-18,Closed
L0276,C0276,Personal,4233866,60,11.42%,2024-07-14,Active
L0277,C0277,Auto Loan,4666696,180,6.93%,2023-04-22,Closed
L0278,C0278,Personal,1761028,120,11.27%,2024-12-25,Default
L0279,C0279,Personal,3917673,24,14.53%,2022-06-19,Closed
L0280,C0280,Personal,2431715,12,7.46%,2022-05-31,Closed
L0281,C0281,Home Loan,3347044,12,9.28%,2024-06-12,Closed
L0282,C0282,Personal,3848710,12,12.64%,2024-09-06,Default
L0283,C0283,Home Loan,734109,36,8.79%,2022-01-08,Default
L0284,C0284,Personal,1642720,120,7.35%,2020-11-26,Default
L0285,C0285,Auto Loan,2484863,24,6.72%,2025-05-29,Closed
L0286,C0286,Auto Loan,2588328,120,7.46%,2023-10-24,Closed
L0287,C0287,Home Loan,2096124,120,10.33%,2022-03-27,Default
L0288,C0288,Home Loan,1000098,36,7.64%,2024-09-18,Active
L0289,C0289,Education,1097043,12,12.50%,2023-08-07,Default
L0290,C0290,Auto Loan,4633189,60,9.66%,2022-01-19,Active
L0291,C0291,Auto Loan,1056547,180,8.86%,2021-03-07,Closed
L0292,C0292,Auto Loan,3971567,120,13.05%,2025-02-21,Closed
L0293,C0293,Auto Loan,271980,12,12.78%,2022-02-08,Active
L0294,C0294,Home Loan,2402737,24,7.71%,2024-01-17,Closed
L0295,C0295,Education,354093,60,9.36%,2020-09-08,Active
L0296,C0296,Auto Loan,2081477,60,13.87%,2021-02-04,Active
L0297,C0297,Personal,3794196,36,10.48%,2024-04-21,Default
L0298,C0298,Home Loan,1166969,60,7.33%,2023-09-17,Default
L0299,C0299,Education,416428,36,10.11%,2023-08-06,Default
L0300,C0300,Auto Loan,2733498,180,7.03%,2023-09-26,Active
L0301,C0301,Home Loan,1782105,12,7.78%,2025-01-05,Active
L0302,C0302,Home Loan,4877702,24,14.40%,2024-01-13,Default
L0303,C0303,Auto Loan,4741242,36,8.66%,2021-01-13,Closed
L0304,C0304,Education,4323896,60,14.24%,2024-12-14,Default
L0305,C0305,Education,3378384,60,13.77%,2021-11-09,Active
L0306,C0306,Auto Loan,1099106,36,11.77%,2023-04-28,Default
L0307,C0307,Personal,4141013,24,11.53%,2020-09-17,Closed
L0308,C0308,Education,2452203,180,9.42%,2022-09-18,Closed
L0309,C0309,Education,1568303,24,11.35%,2022-02-28,Default
L0310,C0310,Auto Loan,109665,36,13.08%,2024-11-13,Default
L0311,C0311,Personal,4856051,180,11.01%,2025-05-15,Active
L0312,C0312,Home Loan,2199226,36,9.89%,2023-09-19,Active
L0313,C0313,Education,2619316,120,10.17%,2023-03-23,Active
L0314,C0314,Education,2540351,36,9.93%,2022-03-20,Closed
L0315,C0315,Home Loan,518939,24,9.41%,2022-04-26,Active
L0316,C0316,Auto Loan,2781806,12,10.16%,2021-06-15,Default
L0317,C0317,Education,4544571,36,7.83%,2021-11-27,Default
L0318,C0318,Auto Loan,2250375,60,11.05%,2021-07-07,Active
L0319,C0319,Home Loan,3040827,12,7.51%,2021-01-09,Closed
L0320,C0320,Education,123612,36,7.40%,2020-08-17,Closed
L0321,C0321,Personal,2466513,36,12.00%,2021-04-05,Default
L0322,C0322,Auto Loan,3728583,60,9.02%,2022-06-08,Active
L0323,C0323,Education,1244784,36,13.20%,2021-04-23,Closed
L0324,C0324,Personal,1451176,12,9.00%,2025-05-26,Default
L0325,C0325,Personal,586853,180,10.32%,2023-06-30,Closed
L0326,C0326,Auto Loan,4921395,180,10.44%,2021-04-20,Active
L0327,C0327,Home Loan,3754824,36,9.60%,2025-04-18,Active
L0328,C0328,Education,362302,60,9.66%,2020-09-13,Active
L0329,C0329,Education,4154361,60,7.90%,2021-01-07,Active
L0330,C0330,Education,1275460,180,12.32%,2023-09-17,Closed
L0331,C0331,Auto Loan,3252052,36,11.29%,2024-06-14,Active
L0332,C0332,Education,2045369,60,10.36%,2024-03-21,Default
L0333,C0333,Education,1468377,180,11.05%,2021-08-22,Default
L0334,C0334,Auto Loan,3433618,60,8.18%,2020-07-13,Active
L0335,C0335,Education,3185196,36,11.78%,2025-06-10,Closed
L0336,C0336,Auto Loan,3135219,24,11.47%,2024-12-21,Default
L0337,C0337,Auto Loan,4710432,36,7.88%,2021-09-15,Closed
L0338,C0338,Personal,719586,120,11.58%,2022-07-27,Closed
L0339,C0339,Personal,1416317,24,10.60%,2022-09-04,Active
L0340,C0340,Personal,4359218,12,10.22%,2023-11-27,Default
L0341,C0341,Education,532539,36,11.38%,2024-01-16,Default
L0342,C0342,Education,1787030,120,8.44%,2023-05-31,Closed
L0343,C0343,Home Loan,4671396,120,7.30%,2022-08-21,Default
L0344,C0344,Education,4790164,24,7.07%,2021-01-10,Active
L0345,C0345,Personal,3864074,36,13.80%,2024-10-12,Closed
L0346,C0346,Auto Loan,2232467,24,7.74%,2020-08-10,Closed
L0347,C0347,Home Loan,2594812,36,12.65%,2021-11-10,Default
L0348,C0348,Auto Loan,4719839,180,10.40%,2023-04-14,Active
L0349,C0349,Home Loan,3983936,24,9.53%,2024-01-12,Default
L0350,C0350,Education,3441096,180,14.47%,2023-04-18,Active
L0351,C0351,Auto Loan,3925178,180,9.42%,2021-01-06,Default
L0352,C0352,Personal,1081709,24,9.33%,2023-09-01,Active
L0353,C0353,Home Loan,2057473,60,10.78%,2024-08-15,Default
L0354,C0354,Auto Loan,4823451,36,9.44%,2021-08-26,Active
L0355,C0355,Education,136414,36,7.13%,2022-02-04,Active
L0356,C0356,Personal,4754240,60,14.60%,2024-08-03,Active
L0357,C0357,Education,622157,24,13.19%,2022-08-31,Closed
L0358,C0358,Education,717683,180,8.55%,2023-01-17,Closed
L0359,C0359,Education,4819707,120,10.92%,2020-08-18,Closed
L0360,C0360,Auto Loan,2662297,12,12.11%,2024-11-01,Closed
L0361,C0361,Personal,3863478,120,14.12%,2022-05-25,Active
L0362,C0362,Education,701453,36,14.66%,2025-04-05,Default
L0363,C0363,Home Loan,1429508,120,11.02%,2024-10-03,Default
L0364,C0364,Education,1552509,60,8.29%,2020-10-14,Closed
L0365,C0365,Home Loan,4071305,120,8.70%,2022-10-14,Closed
L0366,C0366,Education,2849633,60,9.24%,2024-01-22,Default
L0367,C0367,Education,106132,180,13.03%,2021-02-25,Closed
L0368,C0368,Personal,1246662,60,6.74%,2025-02-19,Closed
L0369,C0369,Home Loan,2616366,120,10.01%,2022-09-12,Closed
L0370,C0370,Home Loan,804572,36,6.57%,2022-07-28,Default
L0371,C0371,Auto Loan,2906854,180,11.49%,2021-07-13,Active
L0372,C0372,Education,1553498,60,12.06%,2021-11-16,Default
L0373,C0373,Education,1794901,36,11.52%,2024-05-28,Closed
L0374,C0374,Home Loan,4346513,36,13.20%,2023-03-05,Default
L0375,C0375,Education,3170155,36,14.53%,2023-06-10,Active
L0376,C0376,Home Loan,2390834,12,7.99%,2022-06-13,Active
L0377,C0377,Home Loan,4188168,60,14.66%,2022-05-17,Active
L0378,C0378,Home Loan,3672544,36,8.36%,2021-08-14,Closed
L0379,C0379,Personal,3597714,180,12.57%,2021-11-22,Active
L0380,C0380,Education,2124604,120,8.85%,2022-05-01,Closed
L0381,C0381,Home Loan,3150672,120,9.41%,2024-05-24,Closed
L0382,C0382,Home Loan,929829,36,7.54%,2021-01-16,Active
L0383,C0383,Home Loan,3769330,120,9.87%,2023-04-24,Default
L0384,C0384,Education,1891983,180,12.16%,2021-08-09,Active
L0385,C0385,Education,885368,12,14.68%,2023-11-02,Active
L0386,C0386,Home Loan,4041012,24,9.62%,2022-12-12,Closed
L0387,C0387,Home Loan,2174875,24,12.73%,2025-03-11,Active
L0388,C0388,Auto Loan,639116,36,9.82%,2022-12-12,Active
L0389,C0389,Personal,2951020,24,10.34%,2021-06-17,Active
L0390,C0390,Personal,1058806,36,13.61%,2022-09-04,Default
L0391,C0391,Auto Loan,3741536,24,14.72%,2021-04-09,Active
L0392,C0392,Education,1285431,12,10.54%,2022-06-29,Active
L0393,C0393,Education,3168239,120,7.82%,2024-03-01,Default
L0394,C0394,Auto Loan,2765741,60,6.92%,2022-11-02,Active
L0395,C0395,Personal,2052649,60,10.52%,2022-12-15,Closed
L0396,C0396,Auto Loan,446552,120,11.41%,2021-09-19,Default
L0397,C0397,Home Loan,3095048,180,11.05%,2021-10-03,Active
L0398,C0398,Home Loan,1113112,36,8.00%,2023-04-01,Active
L0399,C0399,Home Loan,235711,120,9.74%,2024-02-08,Default
L0400,C0400,Education,272302,120,14.87%,2022-05-26,Closed
L0401,C0401,Home Loan,3432242,24,10.58%,2020-08-12,Closed
L0402,C0402,Education,1364769,12,7.31%,2021-07-20,Closed
L0403,C0403,Auto Loan,4971860,12,12.11%,2022-07-24,Active
L0404,C0404,Auto Loan,1549507,12,9.06%,2024-10-24,Default
L0405,C0405,Auto Loan,3282045,60,10.15%,2020-11-12,Closed
L0406,C0406,Education,1671726,60,12.93%,2022-08-11,Default
L0407,C0407,Auto Loan,1472864,180,14.68%,2023-04-16,Closed
L0408,C0408,Education,1042409,12,12.63%,2024-07-22,Active
L0409,C0409,Personal,4564600,24,7.44%,2022-04-09,Active
L0410,C0410,Personal,417916,60,6.93%,2023-03-12,Closed
L0411,C0411,Education,1643204,24,8.93%,2021-11-27,Active
L0412,C0412,Personal,1243245,12,6.73%,2020-12-29,Default
L0413,C0413,Education,2463936,180,12.59%,2023-02-27,Active
L0414,C0414,Home Loan,1120423,180,7.29%,2023-07-23,Active
L0415,C0415,Home Loan,3603579,180,13.96%,2022-08-18,Active
L0416,C0416,Auto Loan,2962790,12,10.53%,2022-12-03,Active
L0417,C0417,Auto Loan,2701183,12,14.49%,2022-08-21,Default
L0418,C0418,Auto Loan,4892961,24,13.95%,2022-02-23,Active
L0419,C0419,Auto Loan,1981915,60,8.57%,2023-10-12,Active
L0420,C0420,Auto Loan,2964650,120,11.22%,2021-11-24,Closed
L0421,C0421,Auto Loan,2309703,180,14.03%,2022-03-05,Closed
L0422,C0422,Education,2296624,120,12.28%,2022-03-20,Default
L0423,C0423,Auto Loan,3967702,60,14.59%,2022-05-05,Closed
L0424,C0424,Education,905023,120,7.39%,2024-01-08,Default
L0425,C0425,Education,3190893,24,12.33%,2021-06-23,Closed
L0426,C0426,Auto Loan,2415155,60,14.19%,2021-07-30,Default
L0427,C0427,Personal,3908655,60,7.72%,2023-04-01,Active
L0428,C0428,Home Loan,141102,180,10.36%,2023-12-29,Active
L0429,C0429,Education,1957452,180,10.29%,2022-05-17,Closed
L0430,C0430,Personal,4167907,24,7.22%,2023-12-24,Default
L0431,C0431,Personal,998936,12,14.29%,2022-05-20,Closed
L0432,C0432,Home Loan,357376,24,12.82%,2023-08-27,Default
L0433,C0433,Auto Loan,3132157,24,12.53%,2023-04-10,Default
L0434,C0434,Auto Loan,1576239,120,9.87%,2022-05-09,Active
L0435,C0435,Home Loan,2611811,60,14.48%,2022-12-30,Active
L0436,C0436,Education,3844552,60,12.05%,2023-12-29,Closed
L0437,C0437,Auto Loan,552040,36,11.04%,2021-11-18,Active
L0438,C0438,Auto Loan,1721514,36,10.57%,2024-04-23,Default
L0439,C0439,Home Loan,2345347,12,14.50%,2020-07-02,Active
L0440,C0440,Home Loan,1919949,24,11.17%,2024-02-16,Closed
L0441,C0441,Home Loan,832577,60,7.88%,2021-08-23,Active
L0442,C0442,Home Loan,1555852,180,6.90%,2023-07-12,Default
L0443,C0443,Personal,3041408,180,7.28%,2021-09-28,Closed
L0444,C0444,Auto Loan,2403986,36,7.67%,2024-08-10,Closed
L0445,C0445,Auto Loan,4884777,60,8.33%,2021-09-05,Default
L0446,C0446,Auto Loan,4324898,36,7.73%,2023-10-19,Closed
L0447,C0447,Education,2435324,180,14.46%,2023-07-11,Default
L0448,C0448,Personal,1640033,180,6.72%,2021-09-20,Active
L0449,C0449,Personal,2450083,180,10.71%,2022-03-27,Default
L0450,C0450,Personal,3459976,180,11.77%,2024-01-11,Default
L0451,C0451,Auto Loan,4038067,60,10.03%,2020-09-18,Active
L0452,C0452,Personal,258772,120,11.21%,2020-06-30,Closed
L0453,C0453,Home Loan,3608131,24,10.07%,2021-10-17,Default
L0454,C0454,Education,2449742,120,10.13%,2021-06-02,Active
L0455,C0455,Education,4740251,60,7.38%,2021-10-29,Closed
L0456,C0456,Home Loan,3377001,120,8.77%,2022-05-29,Active
L0457,C0457,Home Loan,1167949,60,12.15%,2024-08-19,Closed
L0458,C0458,Personal,2825022,120,10.90%,2022-03-24,Default
L0459,C0459,Education,2605893,60,14.84%,2023-01-07,Active
L0460,C0460,Home Loan,1920414,180,9.71%,2021-05-05,Closed
L0461,C0461,Home Loan,743518,120,6.54%,2023-06-26,Closed
L0462,C0462,Personal,4647768,12,10.61%,2022-05-05,Active
L0463,C0463,Home Loan,3944114,12,11.60%,2023-09-19,Default
L0464,C0464,Home Loan,3231943,180,10.47%,2024-09-26,Active
L0465,C0465,Education,935292,12,9.12%,2021-08-01,Default
L0466,C0466,Education,4495093,180,14.38%,2020-12-31,Closed
L0467,C0467,Home Loan,1379721,120,12.32%,2023-08-31,Default
L0468,C0468,Auto Loan,2092325,36,12.29%,2021-04-28,Default
L0469,C0469,Education,2794186,180,14.98%,2024-04-24,Closed
L0470,C0470,Auto Loan,2583166,180,9.42%,2020-10-20,Default
L0471,C0471,Home Loan,1212880,120,14.51%,2024-03-18,Closed
L0472,C0472,Personal,3973758,120,13.63%,2023-03-09,Active
L0473,C0473,Home Loan,1213729,180,12.61%,2021-02-13,Active
L0474,C0474,Auto Loan,4814909,24,7.86%,2020-08-06,Active
L0475,C0475,Personal,4926504,12,9.89%,2023-04-14,Closed
L0476,C0476,Personal,2230308,12,13.53%,2021-12-08,Default
L0477,C0477,Personal,294889,120,13.94%,2024-04-23,Default
L0478,C0478,Education,2971129,120,9.79%,2024-09-14,Closed
L0479,C0479,Education,4393734,24,14.33%,2023-03-10,Active
L0480,C0480,Auto Loan,4828606,36,6.82%,2023-09-26,Closed
L0481,C0481,Education,719858,12,9.39%,2025-01-22,Active
L0482,C0482,Education,4167757,36,11.06%,2023-04-05,Closed
L0483,C0483,Personal,1570860,180,10.06%,2024-03-05,Closed
L0484,C0484,Education,4211302,36,7.50%,2023-10-30,Default
L0485,C0485,Personal,3597740,36,7.65%,2020-11-15,Default
L0486,C0486,Home Loan,3110589,12,14.64%,2020-09-02,Closed
L0487,C0487,Personal,2398591,12,11.61%,2024-08-09,Active
L0488,C0488,Home Loan,1753559,60,7.67%,2022-02-14,Closed
L0489,C0489,Home Loan,276771,36,8.75%,2020-12-03,Active
L0490,C0490,Education,4229659,12,8.74%,2025-03-14,Default
L0491,C0491,Personal,1856812,180,8.98%,2024-06-17,Default
L0492,C0492,Auto Loan,1568717,120,9.23%,2025-01-01,Active
L0493,C0493,Education,1814075,12,13.55%,2025-05-01,Active
L0494,C0494,Home Loan,3193259,120,14.41%,2021-04-21,Active
L0495,C0495,Personal,3660125,12,10.07%,2020-09-09,Active
L0496,C0496,Education,4000909,12,14.76%,2021-02-13,Active
L0497,C0497,Home Loan,3892079,36,11.03%,2025-01-18,Active
L0498,C0498,Education,4601629,24,11.09%,2020-12-22,Active
L0499,C0499,Auto Loan,3662905,12,6.56%,2022-01-07,Default
L0500,C0500,Personal,1049123,120,8.53%,2025-01-14,Closed
L0501,C0501,Education,1853098,60,10.52%,2020-12-12,Active
L0502,C0502,Education,1394365,36,7.08%,2022-08-11,Default
L0503,C0503,Personal,1697356,12,8.31%,2022-03-28,Active
L0504,C0504,Auto Loan,1660757,60,12.76%,2024-11-22,Active
L0505,C0505,Education,3465102,60,12.82%,2020-11-13,Closed
L0506,C0506,Education,4044796,60,11.30%,2022-10-10,Default
L0507,C0507,Education,4748363,36,11.29%,2024-03-21,Closed
L0508,C0508,Personal,4582476,24,12.22%,2022-11-29,Closed
L0509,C0509,Education,1185376,36,11.95%,2024-12-29,Default
L0510,C0510,Auto Loan,1760125,24,14.26%,2021-01-02,Closed
L0511,C0511,Auto Loan,1115519,180,7.75%,2021-12-24,Closed
L0512,C0512,Auto Loan,1314106,12,14.47%,2025-05-27,Default
L0513,C0513,Auto Loan,708549,180,11.51%,2021-10-28,Active
L0514,C0514,Auto Loan,4885539,36,11.28%,2021-12-05,Default
L0515,C0515,Home Loan,2527396,180,14.97%,2021-02-02,Default
L0516,C0516,Personal,1759268,120,13.29%,2021-09-18,Active
L0517,C0517,Education,2596274,36,9.88%,2023-09-13,Closed
L0518,C0518,Auto Loan,1140731,60,12.09%,2025-04-10,Default
L0519,C0519,Personal,3095489,12,11.61%,2024-03-25,Default
L0520,C0520,Personal,3601249,180,11.53%,2023-06-22,Default
L0521,C0521,Personal,2522973,120,14.42%,2022-08-03,Default
L0522,C0522,Home Loan,4313461,60,13.27%,2022-04-28,Default
L0523,C0523,Home Loan,4609672,24,8.66%,2022-12-03,Closed
L0524,C0524,Auto Loan,353512,24,9.08%,2020-08-29,Active
L0525,C0525,Education,862913,12,8.64%,2024-10-13,Active
L0526,C0526,Auto Loan,2081690,120,12.68%,2021-11-29,Closed
L0527,C0527,Home Loan,2342820,36,8.71%,2024-04-03,Default
L0528,C0528,Education,795042,36,11.84%,2025-02-13,Active
L0529,C0529,Education,1892224,36,8.01%,2021-10-10,Active
L0530,C0530,Personal,1295436,180,12.49%,2022-06-04,Default
L0531,C0531,Personal,567424,24,11.10%,2024-04-20,Closed
L0532,C0532,Auto Loan,118434,60,14.61%,2021-06-16,Closed
L0533,C0533,Home Loan,2692666,180,11.93%,2024-01-12,Active
L0534,C0534,Education,2933866,24,8.28%,2023-09-21,Active
L0535,C0535,Auto Loan,1804172,120,10.49%,2023-05-19,Active
L0536,C0536,Home Loan,3049522,24,9.48%,2021-12-23,Active
L0537,C0537,Home Loan,3806298,12,10.32%,2021-08-10,Closed
L0538,C0538,Auto Loan,2471609,24,11.90%,2024-03-02,Default
L0539,C0539,Home Loan,1682387,180,13.71%,2024-04-30,Active
L0540,C0540,Education,155536,36,8.55%,2022-03-18,Active
L0541,C0541,Education,771301,24,13.16%,2023-04-05,Active
L0542,C0542,Personal,4428834,12,10.36%,2021-12-10,Active
L0543,C0543,Home Loan,4176798,60,9.00%,2022-11-10,Closed
L0544,C0544,Home Loan,1241941,24,9.53%,2024-07-25,Closed
L0545,C0545,Personal,3620978,180,13.48%,2022-01-16,Default
L0546,C0546,Auto Loan,854696,60,7.13%,2024-11-23,Closed
L0547,C0547,Personal,228643,36,12.99%,2021-06-22,Active
L0548,C0548,Home Loan,3358286,120,12.15%,2025-03-26,Default
L0549,C0549,Auto Loan,548425,180,6.54%,2020-09-13,Active
L0550,C0550,Auto Loan,1569659,120,8.96%,2025-05-23,Default
L0551,C0551,Home Loan,3569471,120,11.96%,2022-03-20,Active
L0552,C0552,Auto Loan,2031829,120,14.65%,2022-05-31,Active
L0553,C0553,Personal,1001139,180,11.69%,2024-05-03,Active
L0554,C0554,Personal,4019804,24,6.86%,2023-12-27,Default
L0555,C0555,Auto Loan,1441973,180,13.80%,2023-10-15,Closed
L0556,C0556,Home Loan,499074,60,13.16%,2023-07-04,Active
L0557,C0557,Personal,3536846,60,12.92%,2020-10-25,Active
L0558,C0558,Education,2898921,24,8.85%,2022-12-28,Default
L0559,C0559,Home Loan,2967455,12,7.49%,2024-06-04,Closed
L0560,C0560,Home Loan,1075978,24,7.88%,2022-04-30,Active
L0561,C0561,Auto Loan,4890408,120,14.03%,2021-03-26,Default
L0562,C0562,Auto Loan,4150301,60,12.46%,2023-04-25,Closed
L0563,C0563,Home Loan,1475620,12,9.29%,2023-03-29,Default
L0564,C0564,Auto Loan,457153,12,7.80%,2024-06-14,Active
L0565,C0565,Home Loan,4280991,24,13.85%,2025-01-22,Active
L0566,C0566,Auto Loan,3988367,180,14.13%,2023-04-14,Closed
L0567,C0567,Personal,1058339,36,8.77%,2024-11-01,Active
L0568,C0568,Home Loan,1111795,120,11.72%,2024-08-20,Default
L0569,C0569,Auto Loan,2106952,120,13.35%,2021-11-09,Active
L0570,C0570,Home Loan,3773478,24,6.72%,2021-08-20,Closed
L0571,C0571,Home Loan,2875696,12,6.75%,2020-08-02,Active
L0572,C0572,Auto Loan,3281334,120,9.84%,2021-07-04,Closed
L0573,C0573,Auto Loan,335811,36,7.88%,2024-11-20,Closed
L0574,C0574,Auto Loan,2052295,60,8.34%,2024-03-05,Closed
L0575,C0575,Home Loan,2426788,120,8.58%,2022-07-06,Default
L0576,C0576,Auto Loan,2718472,180,6.65%,2025-05-22,Active
L0577,C0577,Personal,2722189,36,9.66%,2024-05-03,Default
L0578,C0578,Auto Loan,3200226,180,13.82%,2025-01-08,Closed
L0579,C0579,Personal,1576582,60,11.09%,2024-03-10,Closed
L0580,C0580,Personal,3034453,24,9.04%,2022-01-04,Closed
L0581,C0581,Auto Loan,4462410,120,9.18%,2021-10-07,Default
L0582,C0582,Personal,4435968,120,9.68%,2024-04-04,Closed
L0583,C0583,Education,3484576,120,7.46%,2021-01-14,Default
L0584,C0584,Personal,1643409,12,11.83%,2024-10-31,Active
L0585,C0585,Auto Loan,4183174,180,13.34%,2024-07-06,Closed
L0586,C0586,Personal,1633332,120,12.76%,2022-03-05,Active
L0587,C0587,Home Loan,3012491,36,13.97%,2024-09-03,Closed
L0588,C0588,Education,309853,180,10.95%,2023-09-24,Default
L0589,C0589,Home Loan,2208900,24,12.63%,2020-08-03,Default
L0590,C0590,Auto Loan,4260061,180,10.82%,2020-12-16,Closed
L0591,C0591,Home Loan,3817974,36,10.17%,2024-11-06,Closed
L0592,C0592,Auto Loan,3560335,24,6.77%,2024-03-29,Default
L0593,C0593,Auto Loan,3355213,12,8.79%,2024-05-31,Default
L0594,C0594,Home Loan,4263874,12,7.42%,2023-03-27,Active
L0595,C0595,Home Loan,3765177,24,7.05%,2023-09-02,Closed
L0596,C0596,Auto Loan,494170,60,7.32%,2023-12-28,Closed
L0597,C0597,Personal,4972848,36,12.37%,2020-10-20,Active
L0598,C0598,Education,2671608,60,12.82%,2022-08-28,Closed
L0599,C0599,Personal,399021,60,12.94%,2021-01-21,Active
L0600,C0600,Personal,1921852,24,10.79%,2023-03-01,Active
L0601,C0601,Education,3279046,60,14.83%,2024-01-26,Closed
L0602,C0602,Auto Loan,417649,60,13.69%,2022-08-23,Default
L0603,C0603,Home Loan,123892,60,7.78%,2025-05-30,Active
L0604,C0604,Personal,4895294,60,12.13%,2021-10-11,Active
L0605,C0605,Auto Loan,3055233,12,7.98%,2021-08-26,Default
L0606,C0606,Auto Loan,1954946,24,12.64%,2021-06-02,Default
L0607,C0607,Personal,197477,24,7.07%,2024-10-31,Closed
L0608,C0608,Education,1121665,12,12.69%,2022-08-14,Closed
L0609,C0609,Auto Loan,1989072,36,13.18%,2023-03-16,Active
L0610,C0610,Education,2363366,12,12.18%,2020-08-30,Default
L0611,C0611,Education,3826935,12,6.85%,2025-01-12,Default
L0612,C0612,Education,4030503,36,11.97%,2020-09-02,Default
L0613,C0613,Personal,2714396,60,9.47%,2024-08-30,Default
L0614,C0614,Home Loan,4680066,60,14.56%,2022-02-18,Active
L0615,C0615,Education,1529429,12,8.52%,2020-06-15,Default
L0616,C0616,Personal,2306354,24,12.92%,2022-09-11,Active
L0617,C0617,Education,3118781,120,12.36%,2023-11-07,Closed
L0618,C0618,Home Loan,2028329,12,9.87%,2021-03-11,Active
L0619,C0619,Education,3992662,12,13.62%,2023-10-21,Active
L0620,C0620,Auto Loan,2285635,120,9.78%,2023-10-12,Active
L0621,C0621,Auto Loan,3011554,60,7.49%,2021-07-19,Active
L0622,C0622,Education,4245324,36,12.29%,2023-08-29,Closed
L0623,C0623,Auto Loan,2278027,12,9.37%,2022-09-15,Active
L0624,C0624,Auto Loan,886389,36,12.47%,2024-02-24,Default
L0625,C0625,Personal,4738715,120,11.10%,2021-07-06,Default
L0626,C0626,Home Loan,473510,36,6.57%,2021-10-04,Default
L0627,C0627,Education,2169719,24,8.28%,2022-03-17,Default
L0628,C0628,Education,1870011,60,12.37%,2024-01-01,Closed
L0629,C0629,Education,4247062,180,7.94%,2021-09-08,Active
L0630,C0630,Personal,2128744,60,7.11%,2021-03-27,Closed
L0631,C0631,Home Loan,1097086,36,14.86%,2021-12-04,Closed
L0632,C0632,Personal,1114048,60,14.82%,2024-03-28,Closed
L0633,C0633,Auto Loan,2915996,60,7.94%,2021-07-05,Closed
L0634,C0634,Home Loan,3029005,60,12.05%,2024-04-22,Active
L0635,C0635,Home Loan,1064338,60,8.41%,2022-11-15,Closed
L0636,C0636,Auto Loan,2807521,36,13.98%,2020-09-26,Active
L0637,C0637,Auto Loan,3160219,60,11.05%,2021-01-15,Default
L0638,C0638,Personal,1906852,120,11.00%,2021-05-28,Active
L0639,C0639,Home Loan,1475710,120,12.04%,2024-03-25,Default
L0640,C0640,Personal,2244325,120,14.67%,2024-07-23,Active
L0641,C0641,Personal,1259922,120,13.17%,2022-08-13,Closed
L0642,C0642,Personal,4367390,180,13.11%,2021-09-07,Default
L0643,C0643,Personal,2990617,180,12.26%,2022-07-27,Closed
L0644,C0644,Education,483220,120,14.86%,2023-10-06,Active
L0645,C0645,Personal,2406035,180,7.46%,2024-03-07,Default
L0646,C0646,Education,969872,180,10.93%,2023-05-06,Active
L0647,C0647,Personal,3780298,12,10.31%,2024-02-20,Closed
L0648,C0648,Personal,1917697,24,7.30%,2025-04-20,Active
L0649,C0649,Education,2612568,36,8.03%,2025-05-21,Active
L0650,C0650,Home Loan,2840392,120,10.77%,2024-04-27,Default
L0651,C0651,Auto Loan,1336455,24,12.56%,2021-06-07,Default
L0652,C0652,Education,3960706,60,10.47%,2022-08-14,Closed
L0653,C0653,Education,1597040,12,6.59%,2020-08-12,Closed
L0654,C0654,Home Loan,1054291,12,8.02%,2023-03-30,Default
L0655,C0655,Auto Loan,4152247,36,13.42%,2022-12-30,Closed
L0656,C0656,Home Loan,4740997,24,14.14%,2025-01-03,Active
L0657,C0657,Auto Loan,2916136,60,10.78%,2021-07-03,Active
L0658,C0658,Home Loan,999789,120,6.60%,2022-09-24,Active
L0659,C0659,Education,4932725,24,14.03%,2021-11-16,Default
L0660,C0660,Education,1842820,60,8.90%,2023-04-11,Active
L0661,C0661,Education,2945350,120,14.17%,2023-02-19,Active
L0662,C0662,Education,128873,120,10.87%,2025-04-17,Active
L0663,C0663,Education,4994623,180,13.38%,2023-12-27,Default
L0664,C0664,Personal,4030992,120,9.17%,2021-12-20,Active
L0665,C0665,Personal,4073982,60,13.73%,2021-09-27,Default
L0666,C0666,Home Loan,1084654,12,10.15%,2022-01-11,Closed
L0667,C0667,Personal,4912333,180,11.25%,2022-11-25,Active
L0668,C0668,Education,845437,24,7.62%,2025-03-29,Closed
L0669,C0669,Education,3676171,12,6.89%,2025-03-07,Closed
L0670,C0670,Auto Loan,1729633,180,9.23%,2025-04-07,Closed
L0671,C0671,Personal,2224281,24,12.44%,2025-04-11,Closed
L0672,C0672,Personal,293214,24,12.56%,2025-05-04,Default
L0673,C0673,Auto Loan,280309,24,8.36%,2022-04-17,Closed
L0674,C0674,Education,3443777,180,13.33%,2021-06-16,Active
L0675,C0675,Auto Loan,3045492,36,12.38%,2024-05-29,Closed
L0676,C0676,Education,4636273,180,7.27%,2021-11-13,Closed
L0677,C0677,Home Loan,4193171,120,8.13%,2024-05-31,Active
L0678,C0678,Personal,3369845,60,13.29%,2021-10-22,Active
L0679,C0679,Personal,1148100,12,14.87%,2022-12-29,Closed
L0680,C0680,Home Loan,3932776,24,12.49%,2021-10-03,Active
L0681,C0681,Home Loan,2567069,24,12.06%,2023-05-03,Default
L0682,C0682,Home Loan,1044635,24,8.63%,2021-04-24,Active
L0683,C0683,Home Loan,2006161,180,10.64%,2020-11-28,Default
L0684,C0684,Home Loan,3004040,12,7.17%,2022-07-28,Default
L0685,C0685,Education,3408768,24,11.59%,2022-07-22,Closed
L0686,C0686,Education,338477,60,12.52%,2022-05-25,Default
L0687,C0687,Home Loan,4214281,60,10.60%,2024-10-21,Active
L0688,C0688,Education,512949,180,10.78%,2020-10-05,Default
L0689,C0689,Auto Loan,3348002,12,6.62%,2024-04-27,Active
L0690,C0690,Home Loan,4850234,36,10.57%,2022-11-30,Default
L0691,C0691,Home Loan,4946123,120,14.00%,2024-10-05,Active
L0692,C0692,Auto Loan,2454744,120,13.24%,2025-01-18,Active
L0693,C0693,Home Loan,3036150,36,11.61%,2022-05-05,Active
L0694,C0694,Auto Loan,2488661,24,13.53%,2022-06-09,Closed
L0695,C0695,Education,1162873,36,7.73%,2022-01-30,Closed
L0696,C0696,Home Loan,2102061,180,13.59%,2023-04-09,Default
L0697,C0697,Personal,776156,36,12.37%,2024-04-21,Closed
L0698,C0698,Home Loan,4791873,120,7.05%,2023-09-04,Closed
L0699,C0699,Education,4717969,24,7.01%,2022-09-06,Active
L0700,C0700,Auto Loan,2752589,60,14.27%,2021-05-26,Default
L0701,C0701,Home Loan,1579011,12,7.90%,2022-05-14,Default
L0702,C0702,Personal,453229,180,13.13%,2022-01-15,Closed
L0703,C0703,Education,2005920,180,6.66%,2020-07-29,Closed
L0704,C0704,Auto Loan,4724017,24,11.28%,2024-06-15,Active
L0705,C0705,Personal,1933429,60,11.99%,2023-02-21,Active
L0706,C0706,Auto Loan,3686936,180,9.60%,2023-02-12,Default
L0707,C0707,Education,1510594,36,11.56%,2025-05-22,Closed
L0708,C0708,Education,3341543,60,8.86%,2024-12-14,Default
L0709,C0709,Home Loan,362141,60,9.97%,2024-04-24,Closed
L0710,C0710,Personal,4638775,12,12.10%,2024-11-16,Active
L0711,C0711,Personal,4637022,180,10.63%,2024-10-23,Default
L0712,C0712,Personal,4132726,180,6.71%,2024-12-04,Default
L0713,C0713,Home Loan,604536,24,11.66%,2021-05-19,Default
L0714,C0714,Auto Loan,3567514,36,11.59%,2025-06-01,Closed
L0715,C0715,Education,4588631,36,13.47%,2021-08-19,Default
L0716,C0716,Education,757977,180,11.19%,2021-10-14,Default
L0717,C0717,Education,950148,120,12.24%,2020-07-14,Closed
L0718,C0718,Auto Loan,3969535,12,8.11%,2022-09-17,Default
L0719,C0719,Auto Loan,3782397,180,13.80%,2023-05-13,Closed
L0720,C0720,Home Loan,604713,12,8.75%,2023-08-19,Default
L0721,C0721,Personal,2579859,60,11.24%,2020-08-20,Closed
L0722,C0722,Auto Loan,1081606,24,11.02%,2021-01-11,Default
L0723,C0723,Home Loan,411056,180,8.36%,2023-06-29,Active
L0724,C0724,Home Loan,4581191,180,7.13%,2024-08-02,Closed
L0725,C0725,Auto Loan,4703594,120,10.90%,2020-12-22,Default
L0726,C0726,Education,3240277,12,12.52%,2025-01-19,Default
L0727,C0727,Home Loan,1027678,24,7.90%,2023-07-20,Active
L0728,C0728,Auto Loan,1303583,36,9.23%,2022-06-15,Default
L0729,C0729,Auto Loan,1633281,12,8.18%,2021-01-04,Closed
L0730,C0730,Home Loan,2322119,24,7.24%,2023-06-15,Default
L0731,C0731,Home Loan,444234,12,7.56%,2024-09-14,Default
L0732,C0732,Personal,4297403,120,11.98%,2023-04-12,Active
L0733,C0733,Personal,1217657,36,7.70%,2021-06-22,Default
L0734,C0734,Auto Loan,1347125,120,7.61%,2020-08-31,Closed
L0735,C0735,Personal,2730507,36,10.03%,2023-10-26,Default
L0736,C0736,Home Loan,1846173,12,12.85%,2021-03-05,Closed
L0737,C0737,Personal,3150599,12,14.81%,2021-05-15,Closed
L0738,C0738,Auto Loan,111125,24,11.95%,2021-02-21,Closed
L0739,C0739,Education,678589,36,13.91%,2021-12-15,Active
L0740,C0740,Education,393032,12,9.49%,2024-04-30,Active
L0741,C0741,Auto Loan,1458423,24,11.17%,2021-06-09,Closed
L0742,C0742,Home Loan,485964,24,10.06%,2022-10-20,Default
L0743,C0743,Auto Loan,4426033,24,9.53%,2025-01-28,Closed
L0744,C0744,Home Loan,4339966,180,7.17%,2022-01-29,Default
L0745,C0745,Auto Loan,230479,60,9.22%,2023-04-26,Default
L0746,C0746,Personal,2811265,180,11.41%,2024-05-27,Default
L0747,C0747,Personal,610014,24,14.76%,2023-07-12,Closed
L0748,C0748,Education,881017,24,13.22%,2025-05-17,Closed
L0749,C0749,Home Loan,3269350,120,14.12%,2023-06-27,Closed
L0750,C0750,Home Loan,3627445,24,14.42%,2022-03-29,Default
L0751,C0751,Personal,314902,24,14.63%,2023-01-31,Active
L0752,C0752,Home Loan,3926207,60,8.67%,2025-05-21,Default
L0753,C0753,Education,3169688,120,12.91%,2023-07-06,Closed
L0754,C0754,Home Loan,4788525,12,9.84%,2022-09-19,Active
L0755,C0755,Auto Loan,2106719,12,13.19%,2023-01-27,Closed
L0756,C0756,Personal,186699,12,6.76%,2023-08-11,Default
L0757,C0757,Personal,1134313,36,11.65%,2025-04-14,Active
L0758,C0758,Education,3477248,12,11.95%,2021-03-04,Active
L0759,C0759,Personal,157750,24,9.84%,2024-06-28,Closed
L0760,C0760,Personal,2817245,12,8.54%,2024-07-31,Default
L0761,C0761,Auto Loan,2986657,12,14.28%,2024-11-21,Active
L0762,C0762,Education,2534638,36,10.01%,2024-04-24,Closed
L0763,C0763,Auto Loan,3645068,180,13.35%,2022-09-14,Active
L0764,C0764,Auto Loan,1228932,120,12.59%,2025-04-29,Default
L0765,C0765,Auto Loan,3810572,24,7.23%,2021-11-16,Default
L0766,C0766,Personal,3499961,120,8.72%,2023-09-13,Closed
L0767,C0767,Auto Loan,3078215,24,14.59%,2020-11-20,Default
L0768,C0768,Education,266211,36,9.54%,2023-06-25,Active
L0769,C0769,Auto Loan,4488220,36,12.10%,2024-08-22,Closed
L0770,C0770,Education,4720052,12,8.97%,2023-02-28,Closed
L0771,C0771,Home Loan,2639729,180,7.90%,2020-12-14,Active
L0772,C0772,Auto Loan,2759078,120,6.66%,2021-09-13,Closed
L0773,C0773,Home Loan,1845084,180,10.73%,2025-05-26,Active
L0774,C0774,Education,4639234,120,6.54%,2021-10-17,Closed
L0775,C0775,Auto Loan,1693220,60,12.79%,2022-07-30,Active
L0776,C0776,Education,3503759,36,7.15%,2022-11-23,Active
L0777,C0777,Personal,984200,36,10.12%,2024-05-07,Closed
L0778,C0778,Education,4451854,120,12.59%,2022-02-11,Active
L0779,C0779,Education,4468369,36,13.96%,2023-01-31,Active
L0780,C0780,Auto Loan,3039525,60,13.01%,2024-09-01,Active
L0781,C0781,Auto Loan,1185738,120,8.85%,2023-07-01,Default
L0782,C0782,Education,2079518,180,10.97%,2020-09-04,Active
L0783,C0783,Education,1930932,60,12.88%,2023-07-18,Default
L0784,C0784,Personal,2731292,60,8.33%,2020-11-12,Active
L0785,C0785,Home Loan,3919974,180,11.51%,2023-06-11,Active
L0786,C0786,Education,1396320,180,7.94%,2023-12-09,Closed
L0787,C0787,Personal,1627002,12,13.47%,2022-01-03,Closed
L0788,C0788,Auto Loan,3786145,24,11.98%,2025-05-09,Default
L0789,C0789,Personal,840666,36,12.10%,2024-08-29,Active
L0790,C0790,Education,4297790,180,11.61%,2021-05-18,Active
L0791,C0791,Auto Loan,3271159,120,10.44%,2025-03-05,Active
L0792,C0792,Home Loan,4039347,36,12.80%,2020-07-11,Default
L0793,C0793,Home Loan,2337715,180,7.12%,2022-01-13,Default
L0794,C0794,Education,1503497,180,12.98%,2023-06-17,Closed
L0795,C0795,Education,2819621,180,9.10%,2022-09-23,Active
L0796,C0796,Home Loan,152045,24,12.60%,2022-10-05,Active
L0797,C0797,Personal,928194,24,14.19%,2023-04-15,Default
L0798,C0798,Personal,681052,60,12.80%,2021-10-13,Active
L0799,C0799,Home Loan,136382,12,13.82%,2022-03-14,Closed
L0800,C0800,Education,2959646,60,11.54%,2021-05-03,Active
L0801,C0801,Personal,3431121,12,13.45%,2020-10-06,Active
L0802,C0802,Auto Loan,3542938,180,14.42%,2024-03-06,Active
L0803,C0803,Personal,4202644,36,10.19%,2023-04-24,Default
L0804,C0804,Home Loan,3625186,12,13.27%,2022-07-08,Closed
L0805,C0805,Education,1202791,60,8.33%,2022-10-24,Active
L0806,C0806,Home Loan,1057673,24,7.24%,2022-04-25,Active
L0807,C0807,Education,1752012,60,14.40%,2020-08-22,Active
L0808,C0808,Education,3027937,12,14.40%,2024-01-03,Default
L0809,C0809,Education,4292945,180,7.31%,2022-10-03,Active
L0810,C0810,Home Loan,1065865,180,7.32%,2022-02-02,Active
L0811,C0811,Personal,309676,12,12.75%,2021-06-15,Active
L0812,C0812,Auto Loan,3848958,24,14.09%,2024-03-13,Default
L0813,C0813,Personal,4404569,12,14.94%,2022-02-26,Active
L0814,C0814,Education,3186216,12,10.92%,2025-01-24,Default
L0815,C0815,Personal,1519606,180,10.22%,2023-05-27,Closed
L0816,C0816,Auto Loan,3570830,36,10.63%,2021-10-19,Active
L0817,C0817,Education,1351224,36,11.47%,2021-01-15,Active
L0818,C0818,Personal,1777014,120,11.89%,2021-10-12,Closed
L0819,C0819,Personal,3620350,36,12.71%,2021-05-30,Default
L0820,C0820,Auto Loan,346055,24,11.86%,2021-02-02,Active
L0821,C0821,Education,4918358,120,7.78%,2024-10-21,Closed
L0822,C0822,Home Loan,3608539,36,10.77%,2020-07-20,Active
L0823,C0823,Education,806414,120,12.38%,2021-07-17,Closed
L0824,C0824,Home Loan,3170699,36,7.16%,2021-07-01,Default
L0825,C0825,Auto Loan,4709188,60,14.15%,2021-08-27,Active
L0826,C0826,Personal,204679,12,9.28%,2023-02-07,Default
L0827,C0827,Personal,4463951,60,11.74%,2024-08-26,Active
L0828,C0828,Education,2886040,24,13.10%,2025-03-02,Active
L0829,C0829,Home Loan,2766643,24,14.19%,2022-07-01,Active
L0830,C0830,Home Loan,3173241,60,7.14%,2022-01-18,Closed
L0831,C0831,Education,4986650,12,12.26%,2024-10-15,Default
L0832,C0832,Education,3459821,180,8.63%,2023-05-05,Closed
L0833,C0833,Education,3485566,36,8.82%,2021-08-22,Active
L0834,C0834,Personal,2823471,180,12.54%,2022-01-24,Active
L0835,C0835,Education,2557007,120,12.68%,2020-07-27,Default
L0836,C0836,Education,4889963,12,12.00%,2024-06-27,Closed
L0837,C0837,Education,3990470,24,12.18%,2022-01-20,Default
L0838,C0838,Education,3887740,36,6.86%,2023-06-20,Default
L0839,C0839,Auto Loan,1279157,60,14.81%,2024-08-25,Active
L0840,C0840,Education,2023822,36,8.98%,2022-05-17,Active
L0841,C0841,Personal,3654830,36,8.27%,2023-05-17,Default
L0842,C0842,Home Loan,4164568,24,14.34%,2023-01-23,Active
L0843,C0843,Education,3465522,120,7.60%,2021-03-07,Closed
L0844,C0844,Education,1497387,36,10.98%,2024-10-17,Closed
L0845,C0845,Auto Loan,1537650,36,6.81%,2023-08-02,Closed
L0846,C0846,Auto Loan,3171207,24,13.25%,2023-04-02,Active
L0847,C0847,Home Loan,3009055,120,13.07%,2024-11-18,Active
L0848,C0848,Home Loan,2239479,36,9.11%,2024-08-29,Active
L0849,C0849,Auto Loan,4013788,180,8.87%,2022-05-06,Default
L0850,C0850,Home Loan,2426239,24,11.90%,2022-12-04,Default
L0851,C0851,Personal,1411342,36,14.79%,2024-04-24,Closed
L0852,C0852,Personal,1266515,60,13.41%,2023-06-10,Active
L0853,C0853,Home Loan,666557,180,9.64%,2023-12-27,Active
L0854,C0854,Home Loan,4758520,36,14.45%,2024-06-01,Default
L0855,C0855,Personal,732248,120,12.40%,2021-07-09,Default
L0856,C0856,Education,2291607,24,14.16%,2021-04-16,Closed
L0857,C0857,Personal,1916659,180,9.74%,2022-10-01,Default
L0858,C0858,Home Loan,873958,12,12.87%,2023-07-11,Active
L0859,C0859,Auto Loan,3046091,36,14.51%,2021-05-27,Closed
L0860,C0860,Auto Loan,867058,12,11.01%,2021-06-24,Default
L0861,C0861,Education,323110,36,14.85%,2023-01-11,Closed
L0862,C0862,Home Loan,3336318,180,6.88%,2023-03-09,Active
L0863,C0863,Auto Loan,2789892,60,10.04%,2024-02-12,Active
L0864,C0864,Personal,3834774,180,10.94%,2020-07-31,Closed
L0865,C0865,Personal,3079867,120,13.32%,2024-06-29,Closed
L0866,C0866,Personal,342825,36,10.16%,2020-06-22,Closed
L0867,C0867,Education,2924715,180,9.67%,2024-09-01,Default
L0868,C0868,Home Loan,1121832,36,6.65%,2021-09-17,Active
L0869,C0869,Education,2998737,60,10.35%,2020-12-24,Default
L0870,C0870,Personal,2872851,24,13.18%,2025-03-17,Closed
L0871,C0871,Personal,666906,36,14.52%,2022-11-26,Closed
L0872,C0872,Personal,3596812,36,9.10%,2025-03-15,Active
L0873,C0873,Home Loan,4278479,60,7.82%,2022-05-16,Active
L0874,C0874,Home Loan,2295737,24,14.35%,2020-07-23,Closed
L0875,C0875,Auto Loan,3063897,24,14.94%,2020-11-09,Closed
L0876,C0876,Home Loan,4459125,24,14.29%,2023-07-11,Active
L0877,C0877,Education,275029,24,12.25%,2021-04-23,Active
L0878,C0878,Home Loan,3322879,12,9.12%,2022-09-08,Active
L0879,C0879,Education,4987559,180,10.99%,2021-10-18,Default
L0880,C0880,Home Loan,2400956,24,8.74%,2021-10-18,Default
L0881,C0881,Personal,2850849,180,13.95%,2023-01-09,Active
L0882,C0882,Education,2441510,180,6.71%,2024-06-23,Closed
L0883,C0883,Personal,4199651,36,13.18%,2024-05-27,Default
L0884,C0884,Personal,3740518,60,9.01%,2022-10-29,Active
L0885,C0885,Auto Loan,3435991,60,13.18%,2024-12-09,Default
L0886,C0886,Home Loan,3869925,180,9.69%,2025-01-20,Default
L0887,C0887,Personal,2861685,120,8.69%,2024-01-28,Default
L0888,C0888,Education,2687248,180,12.31%,2025-02-27,Closed
L0889,C0889,Personal,3742669,12,9.08%,2023-01-18,Closed
L0890,C0890,Personal,1706597,60,7.47%,2020-07-05,Default
L0891,C0891,Personal,1216729,180,11.27%,2024-03-19,Closed
L0892,C0892,Personal,1288217,120,11.03%,2025-01-27,Active
L0893,C0893,Auto Loan,2531589,180,13.09%,2021-01-07,Default
L0894,C0894,Home Loan,2754847,60,13.09%,2022-01-27,Default
L0895,C0895,Education,2710822,12,11.33%,2024-05-17,Default
L0896,C0896,Home Loan,221282,12,6.55%,2023-04-14,Active
L0897,C0897,Personal,3517458,12,10.82%,2021-04-23,Active
L0898,C0898,Personal,3850814,24,12.62%,2022-10-30,Closed
L0899,C0899,Auto Loan,4420085,60,11.84%,2025-01-25,Active
L0900,C0900,Auto Loan,870419,36,7.53%,2020-07-25,Closed
L0901,C0901,Auto Loan,3033633,12,9.99%,2023-06-28,Closed
L0902,C0902,Personal,954439,180,9.95%,2024-12-26,Closed
L0903,C0903,Education,4076502,36,11.64%,2022-03-31,Active
L0904,C0904,Home Loan,4330983,120,14.61%,2022-04-08,Active
L0905,C0905,Home Loan,3545958,24,8.26%,2021-07-06,Default
L0906,C0906,Auto Loan,443702,180,10.26%,2022-03-09,Closed
L0907,C0907,Personal,4154205,24,8.59%,2021-06-05,Closed
L0908,C0908,Education,3119964,36,8.34%,2025-06-05,Closed
L0909,C0909,Education,3251054,180,14.61%,2024-07-06,Default
L0910,C0910,Home Loan,689703,36,10.01%,2021-12-23,Active
L0911,C0911,Personal,2350302,36,12.37%,2023-09-09,Active
L0912,C0912,Education,281377,120,14.36%,2023-10-28,Active
L0913,C0913,Auto Loan,2297749,36,6.76%,2021-01-05,Closed
L0914,C0914,Education,1710242,12,10.14%,2024-01-22,Closed
L0915,C0915,Auto Loan,3122498,180,8.65%,2022-07-26,Active
L0916,C0916,Auto Loan,2484463,60,14.15%,2022-02-10,Closed
L0917,C0917,Education,4192974,120,14.00%,2024-12-04,Closed
L0918,C0918,Auto Loan,350196,24,9.77%,2021-05-03,Default
L0919,C0919,Auto Loan,769024,36,9.08%,2021-06-04,Default
L0920,C0920,Home Loan,1348933,12,11.18%,2021-09-28,Active
L0921,C0921,Personal,3076367,24,8.39%,2023-03-26,Active
L0922,C0922,Home Loan,2179599,180,9.05%,2023-06-14,Closed
L0923,C0923,Auto Loan,3270789,120,11.56%,2025-04-26,Active
L0924,C0924,Personal,1943363,60,8.57%,2021-02-17,Default
L0925,C0925,Education,4519094,120,12.68%,2020-12-30,Default
L0926,C0926,Education,2641105,36,11.05%,2024-11-06,Default
L0927,C0927,Education,2214851,24,7.25%,2023-07-17,Closed
L0928,C0928,Education,4593671,180,8.50%,2021-11-26,Active
L0929,C0929,Education,4702157,24,14.57%,2022-07-18,Default
L0930,C0930,Education,244897,36,12.69%,2025-03-03,Default
L0931,C0931,Personal,908149,24,12.92%,2023-12-26,Default
L0932,C0932,Education,1312799,60,7.91%,2022-01-04,Default
L0933,C0933,Auto Loan,2016216,36,12.29%,2020-10-05,Active
L0934,C0934,Education,1518928,24,12.96%,2024-09-23,Closed
L0935,C0935,Personal,1681164,24,12.37%,2024-09-04,Closed
L0936,C0936,Education,691143,12,11.52%,2020-12-02,Closed
L0937,C0937,Personal,3787299,12,12.81%,2020-08-20,Closed
L0938,C0938,Home Loan,2813069,12,11.61%,2023-08-24,Default
L0939,C0939,Personal,493216,60,9.29%,2022-10-12,Active
L0940,C0940,Home Loan,3897395,120,8.74%,2021-10-26,Default
L0941,C0941,Personal,3135237,180,14.67%,2021-07-05,Closed
L0942,C0942,Auto Loan,516285,180,7.67%,2024-11-21,Active
L0943,C0943,Education,4799142,180,14.17%,2023-01-21,Default
L0944,C0944,Education,2519591,36,14.04%,2021-04-06,Closed
L0945,C0945,Home Loan,989297,180,10.03%,2021-10-10,Default
L0946,C0946,Home Loan,3899004,180,10.70%,2023-08-09,Default
L0947,C0947,Personal,2025501,12,12.97%,2024-11-04,Closed
L0948,C0948,Home Loan,2860703,24,7.99%,2022-05-07,Active
L0949,C0949,Education,3708632,180,12.24%,2020-08-11,Closed
L0950,C0950,Education,4684874,120,13.93%,2020-12-13,Active
L0951,C0951,Personal,4753624,180,7.99%,2024-09-22,Closed
L0952,C0952,Personal,4336859,180,6.82%,2021-03-27,Default
L0953,C0953,Personal,3676613,180,6.90%,2020-06-15,Closed
L0954,C0954,Personal,2685834,60,11.74%,2024-07-19,Closed
L0955,C0955,Auto Loan,3788769,24,13.70%,2024-04-06,Default
L0956,C0956,Home Loan,2726966,24,9.26%,2023-04-14,Default
L0957,C0957,Auto Loan,4303862,24,12.61%,2024-10-18,Default
L0958,C0958,Personal,3704307,24,12.38%,2023-08-07,Active
L0959,C0959,Auto Loan,233547,60,7.25%,2021-01-03,Default
L0960,C0960,Personal,925461,24,7.84%,2022-07-23,Default
L0961,C0961,Auto Loan,1004066,12,12.43%,2024-08-02,Closed
L0962,C0962,Personal,396762,36,6.94%,2025-04-20,Default
L0963,C0963,Personal,4308676,24,7.32%,2022-08-10,Closed
L0964,C0964,Education,2990649,36,9.67%,2020-08-08,Active
L0965,C0965,Home Loan,636136,24,9.15%,2024-05-16,Closed
L0966,C0966,Home Loan,985635,180,14.64%,2021-11-20,Active
L0967,C0967,Education,4672912,180,13.48%,2025-02-18,Default
L0968,C0968,Education,3052678,12,11.09%,2021-10-05,Default
L0969,C0969,Education,3751252,120,7.92%,2025-05-12,Active
L0970,C0970,Home Loan,4892559,12,9.34%,2022-06-27,Active
L0971,C0971,Personal,4939797,12,7.59%,2020-07-15,Closed
L0972,C0972,Education,1161099,60,8.76%,2022-02-20,Active
L0973,C0973,Education,331544,120,14.43%,2020-08-18,Default
L0974,C0974,Education,3806459,12,12.24%,2025-01-13,Active
L0975,C0975,Auto Loan,519526,24,13.61%,2024-01-02,Active
L0976,C0976,Home Loan,1343899,180,13.59%,2022-01-19,Closed
L0977,C0977,Education,1783787,24,12.80%,2025-03-12,Closed
L0978,C0978,Auto Loan,4464795,60,13.91%,2024-07-04,Closed
L0979,C0979,Personal,1292012,180,11.02%,2023-06-11,Closed
L0980,C0980,Home Loan,3874923,12,14.19%,2022-01-28,Default
L0981,C0981,Home Loan,1839160,180,8.66%,2022-08-27,Active
L0982,C0982,Home Loan,3774777,24,14.12%,2025-01-20,Active
L0983,C0983,Auto Loan,2273050,180,13.99%,2025-01-27,Closed
L0984,C0984,Home Loan,4658546,60,11.61%,2022-11-28,Closed
L0985,C0985,Auto Loan,212091,24,8.82%,2021-04-04,Active
L0986,C0986,Auto Loan,3341821,120,14.59%,2022-09-13,Closed
L0987,C0987,Home Loan,1722592,60,12.54%,2021-12-15,Default
L0988,C0988,Personal,2758619,60,13.94%,2022-07-11,Active
L0989,C0989,Auto Loan,3830218,12,8.21%,2021-07-05,Default
L0990,C0990,Home Loan,4741702,24,7.48%,2022-11-19,Active
L0991,C0991,Education,2134250,120,9.62%,2022-09-18,Default
L0992,C0992,Personal,3967585,24,9.32%,2021-06-16,Active
L0993,C0993,Home Loan,271704,120,12.52%,2024-11-17,Default
L0994,C0994,Personal,4307553,36,12.95%,2024-10-21,Active
L0995,C0995,Personal,4237692,24,11.15%,2023-07-26,Closed
L0996,C0996,Education,3315764,36,9.00%,2022-02-22,Default
L0997,C0997,Education,193176,12,13.84%,2022-05-11,Active
L0998,C0998,Home Loan,2895487,60,14.97%,2020-12-01,Closed
L0999,C0999,Personal,3816914,120,12.06%,2021-01-10,Default
L1000,C1000,Home Loan,1212083,36,11.75%,2023-09-05,Active
