customer_id,loan_id,month,due_amount,paid_amount,payment_date,status
C0001,L0001,2024-09-12,27339,38327,2024-09-21,On-time
C0002,L0002,2024-06-24,17885,0,Not Paid,Missed
C0003,L0003,2024-07-14,15863,0,2024-07-09,On-time
C0004,L0004,2025-02-24,13644,0,Late Payment,Late
C0005,L0005,2025-03-05,10977,0,Not Paid,Missed
C0006,L0006,2025-02-26,41459,11299,Not Paid,Missed
C0007,L0007,2024-08-27,44425,28745,2025-02-11,Missed
C0008,L0008,2025-03-13,47141,0,2025-05-19,On-time
C0009,L0009,2025-03-23,5364,21176,2025-01-22,Missed
C0010,L0010,2025-01-10,42435,1870,2025-03-25,On-time
C0011,L0011,2024-12-13,24775,6510,2024-12-11,Late
C0012,L0012,2025-04-02,21613,0,2025-04-21,Late
C0013,L0013,2025-06-06,11734,0,2024-06-17,On-time
C0014,L0014,2024-07-16,36947,32855,2025-03-29,Late
C0015,L0015,2025-04-12,6387,43958,2025-04-19,On-time
C0016,L0016,2024-11-25,26405,0,2024-12-16,Late
C0017,L0017,2024-06-15,36381,0,2025-04-13,On-time
C0018,L0018,2024-12-30,30840,33299,2024-12-30,On-time
C0019,L0019,2025-04-30,13134,43189,2025-01-13,Missed
C0020,L0020,2024-06-23,38412,0,2024-08-03,Missed
C0021,L0021,2025-02-27,40610,0,2024-08-10,Missed
C0022,L0022,2024-08-17,8239,39659,2024-08-30,Late
C0023,L0023,2025-04-07,11698,0,Not Paid,Missed
C0024,L0024,2024-11-01,8497,30726,2024-07-01,Late
C0025,L0025,2024-11-21,10402,37709,2024-12-25,Late
C0026,L0026,2024-07-25,16047,39556,2025-05-21,Missed
C0027,L0027,2024-12-03,17160,17615,2024-07-25,Late
C0028,L0028,2024-11-08,16722,0,Not Paid,Missed
C0029,L0029,2025-03-31,27573,19901,2025-03-17,Missed
C0030,L0030,2024-08-02,10088,14044,2025-02-20,Late
C0031,L0031,2025-05-15,31145,17303,Not Paid,Missed
C0032,L0032,2024-10-29,37511,48157,2024-07-31,Missed
C0033,L0033,2025-02-17,42860,39328,2025-03-23,Late
C0034,L0034,2025-01-10,49581,0,2025-01-10,On-time
C0035,L0035,2025-04-16,39379,0,Late Payment,Late
C0036,L0036,2025-04-23,37721,0,2025-04-23,On-time
C0037,L0037,2024-08-10,9509,19918,Late Payment,Late
C0038,L0038,2025-05-23,35402,0,2024-08-04,On-time
C0039,L0039,2024-08-10,26095,12503,2024-12-21,On-time
C0040,L0040,2025-01-24,32196,22721,2025-02-09,Late
C0041,L0041,2024-08-12,40452,36834,2024-07-26,Missed
C0042,L0042,2025-01-15,18143,0,2025-04-26,Late
C0043,L0043,2024-09-08,17556,42138,Late Payment,Late
C0044,L0044,2025-01-29,11225,0,2025-01-28,Late
C0045,L0045,2025-05-22,18778,0,Not Paid,Missed
C0046,L0046,2025-03-19,14856,0,2024-08-18,Late
C0047,L0047,2025-04-03,37332,32222,2024-08-31,On-time
C0048,L0048,2025-05-01,13421,0,2025-01-14,Late
C0049,L0049,2025-06-07,38541,29688,2024-07-04,Missed
C0050,L0050,2025-05-20,31524,0,2025-05-20,On-time
C0051,L0051,2025-03-10,33155,40088,2024-11-28,On-time
C0052,L0052,2025-04-14,22946,0,2025-04-14,On-time
C0053,L0053,2025-05-05,33596,37411,2024-11-30,On-time
C0054,L0054,2025-04-04,27536,42506,Late Payment,Late
C0055,L0055,2024-10-19,49741,0,Late Payment,Late
C0056,L0056,2025-04-10,40899,0,2024-11-24,Missed
C0057,L0057,2024-09-02,30644,0,2024-09-02,On-time
C0058,L0058,2024-09-30,47313,0,2025-05-15,On-time
C0059,L0059,2024-12-30,15802,0,2025-02-08,Missed
C0060,L0060,2024-07-29,29040,0,2024-07-28,On-time
C0061,L0061,2025-01-24,37928,0,2025-04-03,Missed
C0062,L0062,2024-06-30,15475,24047,2024-09-26,Late
C0063,L0063,2024-10-12,8420,22535,2025-04-12,Late
C0064,L0064,2024-09-29,19225,0,2024-06-26,Missed
C0065,L0065,2024-10-10,22219,0,2025-04-04,Late
C0066,L0066,2025-05-28,43778,1574,2024-09-23,On-time
C0067,L0067,2025-02-22,15131,0,2025-03-16,Late
C0068,L0068,2024-09-05,42186,0,Late Payment,Late
C0069,L0069,2025-04-23,43250,26181,2025-06-10,Missed
C0070,L0070,2024-06-14,17071,26419,2024-06-14,On-time
C0071,L0071,2024-07-09,11018,0,2024-10-18,On-time
C0072,L0072,2025-04-24,28241,0,2024-11-21,Missed
C0073,L0073,2025-04-18,16196,0,Late Payment,Late
C0074,L0074,2024-07-06,9553,10769,2024-07-06,On-time
C0075,L0075,2024-07-18,11872,0,2025-01-19,Late
C0076,L0076,2025-05-26,40534,21277,2025-04-24,Late
C0077,L0077,2024-07-25,32493,0,2025-01-12,On-time
C0078,L0078,2024-11-19,34537,28015,2024-08-21,Missed
C0079,L0079,2025-05-04,31197,0,Late Payment,Late
C0080,L0080,2024-10-15,31802,41287,2025-01-20,Missed
C0081,L0081,2024-07-13,12445,23199,2024-07-21,Late
C0082,L0082,2024-06-10,15244,4697,2024-07-25,Late
C0083,L0083,2024-07-13,12141,46940,2024-06-14,Late
C0084,L0084,2025-02-03,46221,0,2025-04-28,On-time
C0085,L0085,2024-12-26,6898,0,2024-07-01,On-time
C0086,L0086,2024-07-23,49118,6470,2025-01-23,Missed
C0087,L0087,2024-09-18,20528,0,Not Paid,Missed
C0088,L0088,2024-10-19,13890,36494,Late Payment,Late
C0089,L0089,2025-05-25,36199,0,2025-04-17,Missed
C0090,L0090,2024-08-23,11419,8702,2024-12-24,Late
C0091,L0091,2024-11-13,47893,2266,2024-06-11,On-time
C0092,L0092,2024-09-01,27386,0,2024-08-19,Late
C0093,L0093,2025-05-06,32936,22371,2025-01-25,Late
C0094,L0094,2024-09-19,9325,31319,2024-09-19,On-time
C0095,L0095,2024-12-12,46648,0,2024-12-17,Late
C0096,L0096,2024-07-27,24278,0,2025-01-12,Missed
C0097,L0097,2024-10-28,20132,47241,2024-09-28,On-time
C0098,L0098,2024-08-08,48851,41228,2025-02-23,On-time
C0099,L0099,2024-08-01,46230,25425,2025-01-28,On-time
C0100,L0100,2024-08-03,43986,0,2025-04-30,On-time
C0101,L0101,2025-03-13,36761,0,2024-11-24,Late
C0102,L0102,2024-06-19,40122,0,2025-04-05,On-time
C0103,L0103,2024-07-26,30893,0,2024-08-22,Late
C0104,L0104,2024-09-08,48052,10279,2024-09-08,On-time
C0105,L0105,2024-10-26,16946,0,2025-01-14,On-time
C0106,L0106,2024-09-16,34305,24735,2025-05-04,Late
C0107,L0107,2024-10-28,11331,0,2024-11-13,On-time
C0108,L0108,2025-04-28,37170,0,2025-06-04,Missed
C0109,L0109,2025-06-09,9983,0,2025-03-21,On-time
C0110,L0110,2024-06-21,22183,0,2024-07-11,Late
C0111,L0111,2025-01-26,19283,0,2024-10-01,Missed
C0112,L0112,2024-10-15,9401,0,2024-06-27,On-time
C0113,L0113,2025-02-03,17678,45082,Not Paid,Missed
C0114,L0114,2025-01-01,36111,0,2024-12-24,On-time
C0115,L0115,2024-11-02,25681,0,2025-03-20,On-time
C0116,L0116,2025-06-04,36374,0,2024-08-01,Missed
C0117,L0117,2024-07-17,11991,34315,2024-09-21,Missed
C0118,L0118,2025-02-02,13915,47046,2024-08-25,Late
C0119,L0119,2025-03-06,45475,0,2025-02-15,On-time
C0120,L0120,2025-04-27,11384,2080,2025-04-27,On-time
C0121,L0121,2024-11-21,38645,41472,2025-02-28,Late
C0122,L0122,2024-08-11,23220,0,2024-06-13,Missed
C0123,L0123,2025-06-07,5089,0,Late Payment,Late
C0124,L0124,2024-12-29,34262,33933,2025-05-23,On-time
C0125,L0125,2024-07-22,17455,0,2024-07-22,On-time
C0126,L0126,2025-05-24,47976,33188,2025-01-12,Late
C0127,L0127,2024-07-31,30742,46849,2024-10-30,Late
C0128,L0128,2025-05-31,19697,0,2024-07-31,Missed
C0129,L0129,2025-04-02,37677,37053,2025-02-05,On-time
C0130,L0130,2025-04-09,5279,0,2024-06-29,On-time
C0131,L0131,2024-07-07,9787,0,2024-12-29,Late
C0132,L0132,2024-12-30,16198,38121,2024-10-20,On-time
C0133,L0133,2025-04-20,22774,4147,Late Payment,Late
C0134,L0134,2024-12-13,47857,5178,2024-12-13,On-time
C0135,L0135,2024-07-16,41517,24958,2025-05-14,On-time
C0136,L0136,2025-04-07,42169,0,2025-04-07,On-time
C0137,L0137,2025-03-29,23904,42319,2025-06-05,Late
C0138,L0138,2024-07-13,18672,0,2024-11-06,On-time
C0139,L0139,2025-03-01,47029,0,2025-03-01,On-time
C0140,L0140,2025-02-05,36946,0,2025-05-08,Late
C0141,L0141,2025-01-03,12980,0,2025-03-28,Late
C0142,L0142,2024-06-19,25611,43697,Not Paid,Missed
C0143,L0143,2025-02-05,38330,0,2025-01-03,Missed
C0144,L0144,2024-12-29,49632,0,2024-12-24,Late
C0145,L0145,2024-11-28,38365,6304,Late Payment,Late
C0146,L0146,2024-12-02,9613,0,2024-11-14,On-time
C0147,L0147,2025-01-24,19567,0,2025-05-27,Missed
C0148,L0148,2024-07-08,32949,2501,Late Payment,Late
C0149,L0149,2024-09-05,38725,49417,2024-09-05,On-time
C0150,L0150,2024-07-30,45055,25974,2025-05-14,Missed
C0151,L0151,2025-06-01,44582,0,Not Paid,Missed
C0152,L0152,2024-07-30,44924,38205,Late Payment,Late
C0153,L0153,2025-03-07,49651,36640,2024-12-06,Late
C0154,L0154,2024-11-20,33726,19732,2024-11-05,Late
C0155,L0155,2024-08-07,45854,0,2024-08-07,On-time
C0156,L0156,2024-07-10,30325,45039,2025-01-30,Late
C0157,L0157,2025-03-15,26337,38357,2024-12-13,Missed
C0158,L0158,2025-05-16,44926,48048,2024-12-31,Late
C0159,L0159,2024-07-27,7899,31606,2025-04-18,Late
C0160,L0160,2024-10-11,11562,29205,2025-06-04,On-time
C0161,L0161,2025-05-27,38770,0,2024-12-28,Missed
C0162,L0162,2024-10-15,28638,35997,2024-10-04,Missed
C0163,L0163,2024-10-14,7187,4154,2025-06-04,Late
C0164,L0164,2024-08-24,12664,5964,2025-02-19,Late
C0165,L0165,2025-04-29,27410,16379,2024-08-10,Late
C0166,L0166,2025-03-24,13754,11930,2024-08-24,Late
C0167,L0167,2024-11-27,36085,0,2025-01-14,Missed
C0168,L0168,2024-09-10,11689,0,2025-05-03,On-time
C0169,L0169,2025-03-28,23301,0,2025-05-18,Missed
C0170,L0170,2025-02-07,5291,15958,2025-01-01,On-time
C0171,L0171,2024-09-29,9342,0,Not Paid,Missed
C0172,L0172,2024-10-21,14674,23632,2025-01-04,Missed
C0173,L0173,2024-06-14,31749,21784,2024-12-28,On-time
C0174,L0174,2024-12-24,48747,0,2025-01-19,On-time
C0175,L0175,2024-08-08,23317,13854,2025-05-26,Missed
C0176,L0176,2025-03-01,17589,0,2025-01-06,On-time
C0177,L0177,2024-12-10,21504,0,Not Paid,Missed
C0178,L0178,2024-11-24,12220,1580,2024-12-03,Late
C0179,L0179,2025-03-01,47984,0,Not Paid,Missed
C0180,L0180,2024-11-20,31847,0,Late Payment,Late
C0181,L0181,2024-07-09,18497,40969,2025-03-06,Missed
C0182,L0182,2024-07-11,26487,0,Late Payment,Late
C0183,L0183,2024-08-09,40980,41577,2025-03-27,Late
C0184,L0184,2024-11-23,18151,19016,2025-05-18,Late
C0185,L0185,2024-12-27,9523,0,2025-05-11,Late
C0186,L0186,2024-11-02,49107,45107,2025-02-03,Late
C0187,L0187,2024-06-24,5657,0,2024-11-07,On-time
C0188,L0188,2024-12-07,11516,48241,2024-08-23,Missed
C0189,L0189,2024-12-02,35892,0,2025-02-21,On-time
C0190,L0190,2024-11-06,19252,0,2024-09-17,On-time
C0191,L0191,2024-12-01,35329,12644,2025-03-19,Missed
C0192,L0192,2024-11-27,16365,0,Late Payment,Late
C0193,L0193,2024-09-06,24035,0,2024-08-04,Missed
C0194,L0194,2025-06-06,32872,7787,2025-01-23,On-time
C0195,L0195,2024-07-16,35533,35966,Late Payment,Late
C0196,L0196,2025-04-30,45958,0,2024-12-09,Late
C0197,L0197,2024-07-03,6182,0,2024-07-03,Late
C0198,L0198,2025-05-05,44073,1564,2025-05-31,Missed
C0199,L0199,2024-09-05,35565,22756,2025-02-03,Missed
C0200,L0200,2025-04-20,31740,41787,2024-07-23,Missed
C0201,L0201,2024-09-05,20499,0,2024-08-21,On-time
C0202,L0202,2024-11-21,12582,0,Late Payment,Late
C0203,L0203,2024-11-22,9992,15492,2025-05-01,Missed
C0204,L0204,2024-11-30,39608,24851,2024-11-30,On-time
C0205,L0205,2024-11-28,6943,45087,2024-08-11,Late
C0206,L0206,2024-07-19,10075,46984,2024-08-11,On-time
C0207,L0207,2025-03-21,44052,0,2024-10-28,Late
C0208,L0208,2024-10-15,18396,0,2025-03-22,Missed
C0209,L0209,2025-03-22,14199,0,2025-01-08,Late
C0210,L0210,2024-07-04,30333,41687,2024-11-09,On-time
C0211,L0211,2025-06-07,12601,0,2025-01-27,Late
C0212,L0212,2024-11-23,48488,0,2024-11-23,On-time
C0213,L0213,2024-07-22,38439,0,2025-05-15,On-time
C0214,L0214,2024-07-20,6228,8467,2025-04-07,Missed
C0215,L0215,2025-03-14,15872,20227,2024-11-25,On-time
C0216,L0216,2024-11-25,34851,0,2024-08-02,On-time
C0217,L0217,2024-06-17,18089,20827,2025-05-22,Late
C0218,L0218,2025-02-15,18540,0,Late Payment,Late
C0219,L0219,2025-02-13,28274,0,Not Paid,Missed
C0220,L0220,2025-03-31,16427,0,Not Paid,Missed
C0221,L0221,2024-07-01,36089,36274,2025-02-20,Missed
C0222,L0222,2024-11-20,24760,0,2025-01-22,Missed
C0223,L0223,2024-09-11,38762,0,2025-02-10,Late
C0224,L0224,2024-12-10,18956,0,2025-02-05,On-time
C0225,L0225,2025-01-28,25045,0,2025-03-17,Missed
C0226,L0226,2024-07-23,19566,0,2025-06-07,Late
C0227,L0227,2024-09-17,35059,0,2024-08-23,Missed
C0228,L0228,2024-06-17,12063,0,Late Payment,Late
C0229,L0229,2025-04-20,45670,0,2025-02-15,Late
C0230,L0230,2024-09-20,9420,0,2024-11-09,On-time
C0231,L0231,2024-10-13,43039,0,2024-10-17,Missed
C0232,L0232,2025-01-25,11850,29359,2024-10-03,Missed
C0233,L0233,2024-09-11,10205,0,2024-11-18,Late
C0234,L0234,2024-10-01,9162,0,2024-08-27,Missed
C0235,L0235,2025-01-24,29783,0,Not Paid,Missed
C0236,L0236,2024-10-21,45946,0,2025-02-25,Late
C0237,L0237,2024-10-02,26124,0,2024-06-11,Missed
C0238,L0238,2025-05-20,24664,31318,Late Payment,Late
C0239,L0239,2025-04-25,36722,0,2025-01-17,Late
C0240,L0240,2025-04-16,49895,39218,2025-05-03,Late
C0241,L0241,2025-02-10,35469,0,2025-04-13,On-time
C0242,L0242,2024-12-11,46194,0,2025-02-16,On-time
C0243,L0243,2025-04-20,43899,29033,2025-01-05,On-time
C0244,L0244,2024-09-29,30130,0,2024-11-14,Missed
C0245,L0245,2025-03-31,28244,31939,2024-10-09,On-time
C0246,L0246,2025-04-21,8057,0,2024-07-04,On-time
C0247,L0247,2024-10-07,14797,0,2024-10-02,Late
C0248,L0248,2025-04-19,7001,0,2024-08-25,Late
C0249,L0249,2025-01-17,16814,31408,2025-04-15,Late
C0250,L0250,2025-06-09,44773,0,2025-03-12,On-time
C0251,L0251,2025-06-06,32085,13371,2024-07-10,Missed
C0252,L0252,2024-12-28,35167,46459,2024-10-05,Missed
C0253,L0253,2024-10-30,30032,4909,2024-10-29,Missed
C0254,L0254,2025-02-24,11306,8591,2025-01-11,On-time
C0255,L0255,2025-05-12,6895,14036,Not Paid,Missed
C0256,L0256,2024-07-21,24956,35392,2025-04-02,Late
C0257,L0257,2025-05-01,17509,0,2024-12-08,Missed
C0258,L0258,2024-11-06,25045,6252,2025-04-13,On-time
C0259,L0259,2024-09-17,49729,0,2024-11-22,Late
C0260,L0260,2024-09-19,34750,0,2025-04-24,On-time
C0261,L0261,2024-12-14,14055,0,2024-10-29,Missed
C0262,L0262,2024-10-18,21336,0,2025-05-05,Missed
C0263,L0263,2024-10-21,14533,0,2024-11-15,Late
C0264,L0264,2024-12-31,7828,43457,2025-05-04,Missed
C0265,L0265,2024-07-08,39859,40448,2025-05-07,Missed
C0266,L0266,2025-01-06,18545,1405,2025-01-28,Missed
C0267,L0267,2024-12-04,47221,0,2024-11-13,On-time
C0268,L0268,2025-02-17,33568,0,Late Payment,Late
C0269,L0269,2024-10-01,49971,0,2024-06-17,Missed
C0270,L0270,2024-07-30,12055,0,2024-07-30,On-time
C0271,L0271,2024-07-10,22094,34369,2024-07-03,Missed
C0272,L0272,2025-02-10,5360,20489,2025-04-06,On-time
C0273,L0273,2024-08-28,20505,0,Not Paid,Missed
C0274,L0274,2025-03-19,19096,0,2024-08-25,Late
C0275,L0275,2025-02-21,23577,6347,2024-09-29,Missed
C0276,L0276,2024-07-10,36801,17243,2025-05-24,Late
C0277,L0277,2025-01-15,24212,38605,2025-02-01,Missed
C0278,L0278,2024-08-07,24770,26464,2024-07-30,Missed
C0279,L0279,2024-06-15,33277,0,2024-08-13,Late
C0280,L0280,2025-05-27,9613,37970,2024-08-02,Missed
C0281,L0281,2024-07-16,19932,0,2024-07-16,On-time
C0282,L0282,2025-01-25,21922,32651,2025-01-25,On-time
C0283,L0283,2024-12-07,22695,3386,2025-04-06,Missed
C0284,L0284,2024-12-13,46418,0,2025-02-10,Missed
C0285,L0285,2024-10-08,27114,0,Late Payment,Late
C0286,L0286,2025-03-09,11181,12063,2024-09-09,Late
C0287,L0287,2025-02-04,48575,0,2024-07-01,Missed
C0288,L0288,2025-01-27,17787,24601,2024-12-04,On-time
C0289,L0289,2025-03-26,5557,47761,Late Payment,Late
C0290,L0290,2024-10-08,49828,0,Late Payment,Late
C0291,L0291,2024-11-09,24025,0,2024-11-09,On-time
C0292,L0292,2024-12-10,12005,13095,Not Paid,Missed
C0293,L0293,2024-11-26,30406,41381,2025-01-13,Missed
C0294,L0294,2025-05-30,36843,0,2025-02-12,On-time
C0295,L0295,2025-03-27,37596,0,2025-03-05,Late
C0296,L0296,2024-08-28,9307,0,2025-05-20,Missed
C0297,L0297,2024-10-24,14222,19075,2024-11-09,On-time
C0298,L0298,2025-01-31,27964,0,2024-09-20,On-time
C0299,L0299,2024-07-26,43790,17572,2024-07-07,On-time
C0300,L0300,2024-08-31,48340,0,2024-10-23,Missed
C0301,L0301,2025-04-05,22025,5092,Late Payment,Late
C0302,L0302,2024-10-24,39698,0,2024-10-24,On-time
C0303,L0303,2024-07-23,15762,0,2024-07-25,Missed
C0304,L0304,2024-07-01,19164,0,Late Payment,Late
C0305,L0305,2025-05-21,18074,4777,2025-05-15,On-time
C0306,L0306,2024-06-11,25005,0,2024-08-10,On-time
C0307,L0307,2024-09-16,16563,0,2025-01-16,Late
C0308,L0308,2024-07-01,49253,2434,2025-05-06,Late
C0309,L0309,2024-11-15,16942,0,Not Paid,Missed
C0310,L0310,2024-12-24,19153,0,2025-04-11,Late
C0311,L0311,2025-01-18,14808,0,2025-01-18,On-time
C0312,L0312,2025-01-21,20505,0,2024-08-05,Late
C0313,L0313,2025-02-02,21173,0,Not Paid,Missed
C0314,L0314,2024-12-07,5569,0,Not Paid,Missed
C0315,L0315,2025-01-14,10140,22850,2024-06-19,Missed
C0316,L0316,2025-01-05,47339,0,2024-06-15,On-time
C0317,L0317,2024-12-08,45177,6995,2025-04-14,Late
C0318,L0318,2025-05-19,23298,20852,2024-12-13,Late
C0319,L0319,2025-01-26,49304,0,Late Payment,Late
C0320,L0320,2025-05-26,24923,0,2024-11-29,Late
C0321,L0321,2025-01-18,14116,0,2025-01-18,On-time
C0322,L0322,2024-12-23,30717,34709,2024-09-07,On-time
C0323,L0323,2024-07-30,24905,0,Not Paid,Missed
C0324,L0324,2025-01-29,42293,0,Not Paid,Missed
C0325,L0325,2025-02-08,23370,19105,2024-09-06,On-time
C0326,L0326,2024-07-25,44954,0,2024-07-01,On-time
C0327,L0327,2025-03-18,42921,0,2024-10-08,Missed
C0328,L0328,2024-11-20,37293,0,2024-08-30,Late
C0329,L0329,2025-05-12,29780,0,2024-09-29,Late
C0330,L0330,2025-06-08,48899,0,2025-05-14,Missed
C0331,L0331,2025-03-29,11167,0,2024-08-31,Missed
C0332,L0332,2024-10-09,24377,0,2024-07-20,On-time
C0333,L0333,2025-02-14,22184,39895,Late Payment,Late
C0334,L0334,2025-03-27,20610,0,2024-10-27,Late
C0335,L0335,2024-12-08,25832,0,2024-06-26,Missed
C0336,L0336,2024-08-02,47427,0,2025-02-14,On-time
C0337,L0337,2025-03-26,44528,0,2025-04-20,Late
C0338,L0338,2024-09-24,34815,19496,2025-01-19,On-time
C0339,L0339,2024-10-17,17049,0,2025-02-25,On-time
C0340,L0340,2025-01-09,22471,0,2024-10-31,On-time
C0341,L0341,2024-11-10,41673,34928,2024-09-15,On-time
C0342,L0342,2024-07-13,9841,0,2025-03-03,Missed
C0343,L0343,2025-03-29,44521,0,2024-08-14,On-time
C0344,L0344,2024-08-27,7477,43952,2025-04-11,On-time
C0345,L0345,2024-10-21,26246,0,Late Payment,Late
C0346,L0346,2025-04-14,32292,0,2024-07-27,On-time
C0347,L0347,2024-12-15,9026,0,2025-02-23,On-time
C0348,L0348,2025-03-18,32808,0,2025-01-27,On-time
C0349,L0349,2024-08-05,47720,20106,2025-04-30,Missed
C0350,L0350,2024-12-16,31006,23603,2025-01-02,Late
C0351,L0351,2024-07-07,8684,42485,2025-01-25,On-time
C0352,L0352,2025-04-21,15211,18335,2025-04-21,On-time
C0353,L0353,2024-12-21,14143,26583,2024-10-28,On-time
C0354,L0354,2025-04-17,20265,9359,2024-11-29,Missed
C0355,L0355,2025-01-08,36754,9217,2024-08-30,Late
C0356,L0356,2024-11-17,17725,14546,2024-10-04,Late
C0357,L0357,2024-06-19,9088,18997,2024-07-21,Late
C0358,L0358,2025-04-07,26787,0,2024-10-16,On-time
C0359,L0359,2025-03-02,46027,4301,2024-06-29,On-time
C0360,L0360,2025-04-27,28124,0,2024-06-15,Late
C0361,L0361,2025-05-25,11544,0,2024-11-06,Missed
C0362,L0362,2025-05-19,23316,0,2024-12-12,Missed
C0363,L0363,2024-10-09,45228,1198,2024-11-17,Missed
C0364,L0364,2025-02-14,11665,0,2025-06-01,On-time
C0365,L0365,2024-10-23,21809,0,2024-07-18,On-time
C0366,L0366,2025-05-18,39076,0,Not Paid,Missed
C0367,L0367,2025-01-02,18426,27842,2024-09-12,Late
C0368,L0368,2024-09-20,35051,0,Not Paid,Missed
C0369,L0369,2025-03-04,48474,0,2024-10-30,On-time
C0370,L0370,2025-05-25,19149,0,2025-01-18,On-time
C0371,L0371,2024-07-26,47209,0,2024-12-27,Missed
C0372,L0372,2025-04-03,34383,0,2025-02-16,On-time
C0373,L0373,2024-11-21,22626,0,2025-01-10,On-time
C0374,L0374,2024-10-19,24431,47043,2025-02-17,Late
C0375,L0375,2025-03-04,29901,0,2024-06-29,Missed
C0376,L0376,2025-01-25,44040,12097,Late Payment,Late
C0377,L0377,2024-12-14,41967,0,2025-02-25,On-time
C0378,L0378,2025-01-27,46773,0,Late Payment,Late
C0379,L0379,2024-11-14,12097,5815,2025-01-23,Late
C0380,L0380,2024-07-29,6973,0,2024-07-18,On-time
C0381,L0381,2025-02-18,13172,46693,2025-02-18,On-time
C0382,L0382,2024-09-28,32057,0,2024-09-19,Late
C0383,L0383,2024-09-05,47743,6007,2024-07-25,Missed
C0384,L0384,2024-10-08,7582,42085,Late Payment,Late
C0385,L0385,2025-02-16,38716,32631,2024-10-09,On-time
C0386,L0386,2025-04-07,40900,35939,2024-09-21,On-time
C0387,L0387,2025-03-02,25694,45466,2024-09-05,Missed
C0388,L0388,2024-08-22,9552,20820,2024-10-29,Missed
C0389,L0389,2024-11-09,24677,41627,2024-06-22,Missed
C0390,L0390,2024-11-17,12512,0,2024-12-30,Late
C0391,L0391,2024-09-25,26442,0,2025-03-09,Missed
C0392,L0392,2024-07-07,32110,0,Late Payment,Late
C0393,L0393,2025-02-26,49211,0,2024-10-06,On-time
C0394,L0394,2024-06-20,42406,39429,2024-12-22,Missed
C0395,L0395,2024-11-10,18709,30369,2024-07-27,On-time
C0396,L0396,2024-06-27,39299,0,2024-07-03,Late
C0397,L0397,2025-02-08,7814,4352,2025-06-04,On-time
C0398,L0398,2025-02-09,48532,0,2024-08-11,Missed
C0399,L0399,2025-01-23,27119,20408,2024-08-21,Late
C0400,L0400,2024-08-05,15856,17474,2024-09-27,Missed
C0401,L0401,2025-01-06,37207,0,2025-01-06,On-time
C0402,L0402,2024-12-23,47675,16686,2024-10-21,On-time
C0403,L0403,2024-07-23,40581,0,2024-06-11,Late
C0404,L0404,2025-05-22,16590,46660,2025-03-13,Missed
C0405,L0405,2024-11-10,9352,0,2024-12-29,On-time
C0406,L0406,2025-01-26,15901,0,2024-07-03,Missed
C0407,L0407,2024-08-08,44054,18341,2024-10-19,On-time
C0408,L0408,2025-05-27,25547,0,2025-05-11,Missed
C0409,L0409,2024-06-28,24852,22717,2025-01-27,Missed
C0410,L0410,2025-05-25,14566,0,2024-08-03,Late
C0411,L0411,2025-04-13,46904,16054,2024-07-28,Missed
C0412,L0412,2025-02-01,26450,0,2025-03-15,Late
C0413,L0413,2024-09-23,39410,0,2025-05-03,Late
C0414,L0414,2025-03-05,32988,8462,2025-03-05,On-time
C0415,L0415,2025-06-02,45057,28749,2025-05-23,Missed
C0416,L0416,2025-04-25,14436,46371,2025-05-03,Missed
C0417,L0417,2025-03-26,8288,4217,2025-03-29,On-time
C0418,L0418,2025-05-13,7704,0,Late Payment,Late
C0419,L0419,2025-03-13,29928,23545,2025-03-29,On-time
C0420,L0420,2025-05-09,44674,0,2024-06-30,On-time
C0421,L0421,2024-09-29,11673,0,Late Payment,Late
C0422,L0422,2025-03-18,48534,0,2025-04-27,On-time
C0423,L0423,2025-02-11,33703,0,Not Paid,Missed
C0424,L0424,2025-03-08,15633,25972,2024-10-25,On-time
C0425,L0425,2024-12-17,21432,45601,2024-10-13,On-time
C0426,L0426,2025-04-17,28287,1929,2025-04-05,Missed
C0427,L0427,2024-10-15,38312,0,2025-01-25,On-time
C0428,L0428,2024-08-23,21826,0,2024-09-02,Late
C0429,L0429,2024-11-14,43004,14128,2024-11-06,Missed
C0430,L0430,2025-05-20,19070,0,Late Payment,Late
C0431,L0431,2024-10-05,33842,0,2025-05-16,On-time
C0432,L0432,2025-01-08,10315,0,Not Paid,Missed
C0433,L0433,2024-11-19,37235,24359,2025-05-07,On-time
C0434,L0434,2024-12-19,29520,0,2025-04-01,Missed
C0435,L0435,2024-06-13,42105,0,2024-12-20,On-time
C0436,L0436,2024-08-14,20207,44507,Late Payment,Late
C0437,L0437,2025-02-20,22944,24844,2025-01-25,Late
C0438,L0438,2024-11-18,6984,13973,2024-10-19,Late
C0439,L0439,2024-10-02,31602,21327,2024-10-18,On-time
C0440,L0440,2024-08-11,16824,16231,Late Payment,Late
C0441,L0441,2024-09-04,46456,0,Not Paid,Missed
C0442,L0442,2024-10-10,10263,0,2025-03-07,Late
C0443,L0443,2024-06-14,30343,0,Late Payment,Late
C0444,L0444,2025-05-27,31744,40032,Late Payment,Late
C0445,L0445,2025-01-16,47493,0,2024-09-19,On-time
C0446,L0446,2024-12-08,27125,23020,2025-04-28,On-time
C0447,L0447,2024-11-11,22792,37461,2025-01-06,On-time
C0448,L0448,2024-10-25,17775,0,2025-05-04,On-time
C0449,L0449,2025-02-20,10374,38352,Not Paid,Missed
C0450,L0450,2025-02-11,25861,0,Late Payment,Late
C0451,L0451,2024-06-28,31737,7841,Late Payment,Late
C0452,L0452,2025-01-30,28330,0,2024-08-19,Late
C0453,L0453,2025-02-20,6096,27002,2024-10-23,Late
C0454,L0454,2025-04-07,42278,0,2024-06-28,On-time
C0455,L0455,2025-01-05,33968,1283,2025-01-05,On-time
C0456,L0456,2025-04-13,19509,18856,2024-06-21,Missed
C0457,L0457,2024-08-04,19211,2334,2025-03-19,Missed
C0458,L0458,2025-01-09,7179,43898,2024-09-08,On-time
C0459,L0459,2024-08-15,38906,1125,2024-08-15,On-time
C0460,L0460,2024-11-05,14901,0,Late Payment,Late
C0461,L0461,2024-10-17,16660,0,2024-10-01,Missed
C0462,L0462,2025-03-19,41941,45411,Not Paid,Missed
C0463,L0463,2024-10-22,39903,29953,2024-12-21,On-time
C0464,L0464,2025-04-16,26304,3925,2025-04-16,On-time
C0465,L0465,2024-07-18,37258,0,2024-06-24,Late
C0466,L0466,2024-12-04,6268,0,2024-11-20,Missed
C0467,L0467,2024-10-30,11923,0,2024-06-15,On-time
C0468,L0468,2024-07-04,13333,15419,2024-09-17,Missed
C0469,L0469,2024-06-27,43131,0,2024-07-07,Missed
C0470,L0470,2024-12-14,14562,45797,2025-04-01,On-time
C0471,L0471,2024-07-03,43309,0,2025-02-23,Late
C0472,L0472,2025-04-03,23995,0,2024-09-25,On-time
C0473,L0473,2025-03-28,32041,0,2024-08-11,Late
C0474,L0474,2024-10-28,12343,32768,2025-02-13,On-time
C0475,L0475,2024-10-01,29078,14751,Late Payment,Late
C0476,L0476,2025-03-31,8810,0,2024-08-01,Late
C0477,L0477,2024-09-08,10040,45997,2025-02-28,Missed
C0478,L0478,2024-07-16,47103,38576,2024-07-28,Late
C0479,L0479,2025-05-04,27021,30152,2024-07-14,Late
C0480,L0480,2024-08-13,11871,0,Not Paid,Missed
C0481,L0481,2024-09-13,17657,0,Not Paid,Missed
C0482,L0482,2025-05-22,19088,0,Not Paid,Missed
C0483,L0483,2025-05-15,11533,37958,2025-05-15,On-time
C0484,L0484,2024-07-24,13653,7643,2024-12-11,Late
C0485,L0485,2024-09-18,19512,0,2024-12-19,Late
C0486,L0486,2025-02-26,48108,0,2025-02-11,Late
C0487,L0487,2024-06-19,8482,2377,2024-10-07,Late
C0488,L0488,2025-05-09,33560,23393,2024-12-15,Missed
C0489,L0489,2024-11-07,48532,14649,2024-08-20,Missed
C0490,L0490,2024-07-16,18703,23767,2025-03-09,On-time
C0491,L0491,2024-10-12,49033,0,2024-09-15,Missed
C0492,L0492,2024-11-02,18138,0,2025-04-26,On-time
C0493,L0493,2025-03-09,35776,0,2024-09-25,On-time
C0494,L0494,2025-05-08,46598,0,Late Payment,Late
C0495,L0495,2025-05-28,5743,0,2024-12-28,On-time
C0496,L0496,2025-02-18,40117,37360,2024-10-18,On-time
C0497,L0497,2024-07-26,14982,25576,2024-11-10,Missed
C0498,L0498,2024-12-10,8495,0,2025-05-25,On-time
C0499,L0499,2025-03-16,25680,0,2024-06-21,Late
C0500,L0500,2025-05-08,12362,39438,2024-11-08,On-time
C0501,L0501,2024-09-22,42622,2978,2024-09-25,Late
C0502,L0502,2024-06-18,14926,1270,2025-03-25,Missed
C0503,L0503,2025-02-16,10332,42666,2025-01-23,Missed
C0504,L0504,2025-05-18,33380,45665,2024-08-29,Missed
C0505,L0505,2024-10-09,49941,0,Late Payment,Late
C0506,L0506,2024-09-27,18310,35415,2024-10-02,Missed
C0507,L0507,2024-06-15,19845,43423,Not Paid,Missed
C0508,L0508,2024-08-07,17849,0,2025-06-09,Missed
C0509,L0509,2024-12-23,17474,14804,Not Paid,Missed
C0510,L0510,2024-09-28,35591,28095,2025-01-19,On-time
C0511,L0511,2025-04-07,39569,13846,2025-04-03,Missed
C0512,L0512,2025-04-13,9755,21427,2025-02-12,Late
C0513,L0513,2024-10-09,48812,0,2024-09-27,Missed
C0514,L0514,2025-04-29,10627,41727,2025-03-31,On-time
C0515,L0515,2025-06-01,47364,0,2025-05-12,On-time
C0516,L0516,2025-01-05,47282,41110,2024-12-17,Late
C0517,L0517,2025-03-28,9388,0,2024-06-18,Missed
C0518,L0518,2024-08-15,12028,41912,2024-10-09,Missed
C0519,L0519,2025-03-15,22753,16474,2025-02-10,Missed
C0520,L0520,2024-07-10,23782,0,2025-01-15,Missed
C0521,L0521,2025-01-08,41572,22897,2025-01-12,On-time
C0522,L0522,2024-06-13,15855,0,2025-03-27,Late
C0523,L0523,2024-09-02,46025,43512,2024-07-12,Late
C0524,L0524,2025-04-16,31991,0,2025-04-16,On-time
C0525,L0525,2025-04-12,14803,0,2025-02-21,Late
C0526,L0526,2025-03-26,22807,17097,2025-03-25,Late
C0527,L0527,2024-07-04,22751,0,2025-02-27,On-time
C0528,L0528,2024-09-10,31571,0,Late Payment,Late
C0529,L0529,2024-07-16,44852,0,2024-10-13,Late
C0530,L0530,2025-01-29,21768,0,2025-01-03,Missed
C0531,L0531,2024-10-03,21884,2918,2025-05-29,Late
C0532,L0532,2024-11-03,27759,18123,2024-07-22,On-time
C0533,L0533,2025-06-09,12265,29255,2025-02-20,On-time
C0534,L0534,2025-04-28,24823,26827,2024-12-04,On-time
C0535,L0535,2024-11-15,11415,33711,2024-12-02,On-time
C0536,L0536,2025-03-20,36816,0,2025-05-27,Missed
C0537,L0537,2025-04-18,5708,0,2025-01-21,Missed
C0538,L0538,2025-01-06,37820,0,2025-02-15,Missed
C0539,L0539,2024-10-23,22426,0,2024-11-11,Late
C0540,L0540,2024-11-21,12553,0,2024-10-07,Late
C0541,L0541,2025-05-01,9527,0,2024-11-25,On-time
C0542,L0542,2024-09-14,27142,0,2024-08-15,Missed
C0543,L0543,2024-09-13,13285,0,2024-10-13,Late
C0544,L0544,2024-09-30,34179,0,Not Paid,Missed
C0545,L0545,2024-10-28,14003,10783,2025-02-21,Missed
C0546,L0546,2025-01-01,28644,2848,Not Paid,Missed
C0547,L0547,2024-09-28,49478,46692,2024-07-24,Late
C0548,L0548,2024-07-12,41659,0,2024-06-16,Missed
C0549,L0549,2024-08-26,18967,0,Late Payment,Late
C0550,L0550,2024-09-06,19834,0,Late Payment,Late
C0551,L0551,2024-06-21,14793,38559,2024-09-15,Missed
C0552,L0552,2024-07-19,35464,45346,2024-11-28,Late
C0553,L0553,2024-08-10,14851,47425,2024-09-20,On-time
C0554,L0554,2025-06-07,27152,0,2025-04-04,Late
C0555,L0555,2024-12-19,42737,0,2025-01-07,Missed
C0556,L0556,2024-09-19,12016,36197,2025-02-21,Late
C0557,L0557,2025-02-04,39353,30621,2024-08-07,On-time
C0558,L0558,2025-03-21,41940,0,Late Payment,Late
C0559,L0559,2025-01-30,44487,40552,2024-11-10,Missed
C0560,L0560,2025-04-08,16311,35073,2024-12-18,Missed
C0561,L0561,2025-03-28,12378,45498,2025-03-25,Missed
C0562,L0562,2024-07-04,30735,0,2024-07-04,On-time
C0563,L0563,2025-01-21,6948,36562,2025-02-16,Missed
C0564,L0564,2025-03-23,46201,0,Late Payment,Late
C0565,L0565,2024-12-29,47640,0,2024-06-13,Missed
C0566,L0566,2025-05-24,28786,32370,2024-06-26,Missed
C0567,L0567,2024-09-22,20614,0,2024-07-25,Late
C0568,L0568,2024-12-13,28004,0,2025-06-07,On-time
C0569,L0569,2024-11-01,42173,0,2025-05-02,Missed
C0570,L0570,2024-06-20,44085,27274,2024-07-01,On-time
C0571,L0571,2025-03-05,47435,26342,2025-03-05,On-time
C0572,L0572,2025-05-16,7678,0,2024-10-25,Late
C0573,L0573,2024-12-27,5674,14532,Late Payment,Late
C0574,L0574,2024-06-18,48293,41060,2024-08-26,On-time
C0575,L0575,2025-02-16,47608,17014,2024-06-23,On-time
C0576,L0576,2024-09-03,40810,0,2024-10-27,On-time
C0577,L0577,2024-06-26,15000,1856,2024-10-03,Missed
C0578,L0578,2025-01-18,47531,0,2025-02-11,Missed
C0579,L0579,2024-07-20,42499,0,2025-01-21,Missed
C0580,L0580,2025-05-05,41538,0,2024-07-17,Late
C0581,L0581,2024-07-17,6069,0,Not Paid,Missed
C0582,L0582,2025-04-17,31562,32362,Not Paid,Missed
C0583,L0583,2025-04-22,6315,6146,Late Payment,Late
C0584,L0584,2025-05-04,27569,6209,2025-05-04,On-time
C0585,L0585,2024-10-26,17884,0,2025-01-25,Missed
C0586,L0586,2025-01-09,28529,0,2025-02-19,Missed
C0587,L0587,2025-03-14,29911,0,Not Paid,Missed
C0588,L0588,2025-01-16,35010,25839,2025-05-27,On-time
C0589,L0589,2024-08-11,40071,0,2024-12-22,On-time
C0590,L0590,2025-04-10,10142,0,2024-12-19,Missed
C0591,L0591,2025-04-17,30976,0,2024-10-30,Missed
C0592,L0592,2025-02-19,11370,46290,2025-05-24,Missed
C0593,L0593,2024-08-27,32609,30803,2024-12-17,Missed
C0594,L0594,2025-03-14,26587,42052,2024-10-10,Missed
C0595,L0595,2025-01-11,9993,0,2024-07-20,Missed
C0596,L0596,2025-01-22,41983,0,2024-12-12,Missed
C0597,L0597,2024-10-15,29187,42939,2025-05-08,Late
C0598,L0598,2024-09-23,33272,0,2025-03-13,Missed
C0599,L0599,2024-09-03,31146,0,2024-10-17,On-time
C0600,L0600,2024-10-11,31090,38063,Late Payment,Late
C0601,L0601,2024-10-04,17361,0,2025-01-23,Late
C0602,L0602,2025-02-21,14980,0,2024-07-02,Late
C0603,L0603,2025-02-07,12469,0,2024-09-28,On-time
C0604,L0604,2025-01-01,49963,0,2024-07-31,Late
C0605,L0605,2024-08-27,22571,36613,2025-04-12,Late
C0606,L0606,2024-08-29,22909,0,2024-08-09,Late
C0607,L0607,2025-05-12,39575,0,2025-03-31,On-time
C0608,L0608,2025-05-28,11658,0,2025-05-27,Late
C0609,L0609,2024-07-17,8725,0,2025-05-06,Late
C0610,L0610,2024-10-01,31410,20066,Not Paid,Missed
C0611,L0611,2024-08-20,35000,0,2024-08-20,On-time
C0612,L0612,2024-07-02,30040,0,2025-06-10,Missed
C0613,L0613,2025-01-21,9149,0,2024-07-19,Missed
C0614,L0614,2024-09-03,11516,0,Not Paid,Missed
C0615,L0615,2024-11-29,22180,49024,2025-02-11,On-time
C0616,L0616,2025-03-06,40819,23302,Late Payment,Late
C0617,L0617,2025-06-01,42667,28229,2025-02-10,Missed
C0618,L0618,2025-03-15,47549,22500,2024-10-18,On-time
C0619,L0619,2025-03-03,22401,49766,Late Payment,Late
C0620,L0620,2024-09-21,7491,0,2025-03-05,On-time
C0621,L0621,2025-05-14,28569,0,2024-12-23,Late
C0622,L0622,2024-07-14,27110,0,2024-07-14,On-time
C0623,L0623,2024-10-02,39871,0,2025-03-25,On-time
C0624,L0624,2024-11-11,29766,38057,2024-10-11,On-time
C0625,L0625,2024-09-23,23020,32043,2024-09-09,Late
C0626,L0626,2025-02-27,32026,11669,Not Paid,Missed
C0627,L0627,2025-03-17,42336,0,2025-01-29,Late
C0628,L0628,2024-09-01,33891,43371,Late Payment,Late
C0629,L0629,2025-06-02,21627,0,2025-05-11,Late
C0630,L0630,2024-12-29,9556,0,2024-11-13,Missed
C0631,L0631,2024-12-15,47021,0,2024-07-25,Late
C0632,L0632,2025-05-21,22030,8058,2025-06-01,Late
C0633,L0633,2025-03-28,46255,16838,2025-04-19,Missed
C0634,L0634,2025-03-22,16611,0,2024-12-02,On-time
C0635,L0635,2024-06-23,12480,4297,2024-09-17,Missed
C0636,L0636,2025-01-15,35120,33719,2024-12-15,On-time
C0637,L0637,2025-01-16,29567,44126,2025-04-26,Late
C0638,L0638,2024-09-02,46891,24442,2025-04-03,Missed
C0639,L0639,2024-10-09,39722,27248,Late Payment,Late
C0640,L0640,2025-03-28,36831,0,2025-02-02,Late
C0641,L0641,2024-10-18,17846,35950,Not Paid,Missed
C0642,L0642,2024-08-20,26370,30381,2024-10-10,Late
C0643,L0643,2024-08-27,44717,35967,2024-07-12,Late
C0644,L0644,2024-08-08,39601,0,2024-08-08,Missed
C0645,L0645,2025-03-26,11080,32288,2025-01-08,Late
C0646,L0646,2025-04-28,43417,32086,Not Paid,Missed
C0647,L0647,2024-08-05,20770,30077,2024-12-17,Late
C0648,L0648,2024-08-31,8988,13447,2024-12-06,On-time
C0649,L0649,2025-01-07,35997,0,2025-02-22,Late
C0650,L0650,2024-09-16,23065,35315,2025-04-07,On-time
C0651,L0651,2024-08-03,10250,46387,2025-04-14,Late
C0652,L0652,2025-01-16,39837,49932,2024-11-26,On-time
C0653,L0653,2024-07-04,22380,0,2024-10-15,On-time
C0654,L0654,2024-11-10,22293,0,2024-12-20,On-time
C0655,L0655,2025-01-03,47511,0,2025-05-12,Late
C0656,L0656,2024-10-29,10305,0,2025-01-07,Late
C0657,L0657,2024-11-13,5482,36695,2024-09-06,Late
C0658,L0658,2025-06-04,13074,18160,2025-01-30,Late
C0659,L0659,2024-11-16,42421,0,2024-12-10,Late
C0660,L0660,2024-09-06,6831,0,2024-07-27,Missed
C0661,L0661,2025-03-18,47092,3248,2025-03-04,On-time
C0662,L0662,2024-06-28,38613,19693,2025-04-10,Missed
C0663,L0663,2025-04-10,47253,30796,2025-04-10,On-time
C0664,L0664,2025-06-03,14772,0,2024-07-01,On-time
C0665,L0665,2025-01-13,30971,39680,2024-10-13,Late
C0666,L0666,2024-08-28,36784,35364,2024-06-26,On-time
C0667,L0667,2025-04-12,28022,0,2025-02-19,Late
C0668,L0668,2025-05-05,23462,0,2024-07-21,On-time
C0669,L0669,2024-11-24,5651,0,2024-11-24,On-time
C0670,L0670,2025-05-08,25050,0,2025-03-17,Late
C0671,L0671,2024-08-26,7379,0,2024-07-02,Missed
C0672,L0672,2024-06-14,41152,0,2024-08-25,Late
C0673,L0673,2024-09-30,8218,6795,Late Payment,Late
C0674,L0674,2025-05-05,9709,1500,2024-11-16,Missed
C0675,L0675,2025-05-10,20571,0,2024-11-20,Late
C0676,L0676,2025-01-17,24325,0,2024-07-22,Late
C0677,L0677,2024-07-25,5842,0,2025-06-09,Late
C0678,L0678,2024-11-03,8902,30345,2025-04-30,On-time
C0679,L0679,2024-09-04,46794,9685,2024-11-08,On-time
C0680,L0680,2024-06-16,43594,49189,2024-06-16,On-time
C0681,L0681,2025-04-12,43869,42971,Late Payment,Late
C0682,L0682,2025-03-19,34435,22199,Not Paid,Missed
C0683,L0683,2024-07-25,30846,0,2024-08-14,On-time
C0684,L0684,2025-05-14,19982,0,2025-05-27,On-time
C0685,L0685,2024-10-29,49691,39537,2024-12-08,Late
C0686,L0686,2024-12-11,19985,33651,2025-04-30,On-time
C0687,L0687,2024-11-23,20572,0,2024-08-28,Missed
C0688,L0688,2024-11-02,13425,49102,2024-10-21,Late
C0689,L0689,2024-12-26,44541,38185,2024-06-11,Missed
C0690,L0690,2024-12-29,37907,0,2025-02-16,On-time
C0691,L0691,2024-12-13,17509,0,Not Paid,Missed
C0692,L0692,2024-08-12,44274,17056,2025-01-26,On-time
C0693,L0693,2025-04-09,13920,0,2024-06-15,Missed
C0694,L0694,2024-12-15,21960,7949,2024-09-05,Missed
C0695,L0695,2025-03-01,39027,13946,2025-03-01,On-time
C0696,L0696,2025-01-04,22546,20208,2024-08-06,Missed
C0697,L0697,2024-07-04,49185,46408,2024-10-26,On-time
C0698,L0698,2024-09-27,27689,0,2024-12-21,Missed
C0699,L0699,2024-10-10,8914,29644,Not Paid,Missed
C0700,L0700,2025-03-16,11189,49076,2025-01-31,Missed
C0701,L0701,2025-04-15,28113,22519,2025-04-15,On-time
C0702,L0702,2025-05-22,48938,9168,2024-06-30,Missed
C0703,L0703,2024-10-25,14459,7010,2024-06-28,Late
C0704,L0704,2024-10-03,41972,0,2025-05-02,Late
C0705,L0705,2025-03-13,13961,0,2024-10-19,On-time
C0706,L0706,2025-04-23,20877,48880,2024-09-28,On-time
C0707,L0707,2025-01-11,42080,28019,2025-05-02,Missed
C0708,L0708,2024-09-06,18507,0,2025-01-08,On-time
C0709,L0709,2024-08-23,43608,0,2025-04-09,Missed
C0710,L0710,2024-12-18,47639,39986,2024-10-19,On-time
C0711,L0711,2025-04-14,22877,0,2024-11-21,Late
C0712,L0712,2024-08-01,37318,0,2024-06-12,Late
C0713,L0713,2025-05-12,23553,40388,2025-04-03,Late
C0714,L0714,2025-05-16,41567,39547,2025-01-02,On-time
C0715,L0715,2024-10-25,31865,33282,2025-05-14,Missed
C0716,L0716,2025-05-27,6119,0,2024-11-08,On-time
C0717,L0717,2024-06-17,14790,0,2024-07-07,Missed
C0718,L0718,2024-09-26,15262,46175,2025-03-24,On-time
C0719,L0719,2024-07-09,40999,21870,2024-07-27,Late
C0720,L0720,2025-06-07,29225,0,2025-04-27,Missed
C0721,L0721,2025-03-11,48644,0,2024-06-17,On-time
C0722,L0722,2025-04-20,7125,44332,2025-04-19,Missed
C0723,L0723,2024-11-25,32767,0,2024-09-29,On-time
C0724,L0724,2024-12-22,29785,33276,2024-12-22,On-time
C0725,L0725,2024-08-27,47796,0,2025-03-12,Missed
C0726,L0726,2025-01-29,47613,0,2025-01-06,On-time
C0727,L0727,2025-03-12,5129,0,Late Payment,Late
C0728,L0728,2024-07-11,12841,0,Not Paid,Missed
C0729,L0729,2024-09-29,28534,13020,2024-10-11,On-time
C0730,L0730,2024-09-26,24578,28055,Not Paid,Missed
C0731,L0731,2024-06-28,46244,21996,2024-10-26,On-time
C0732,L0732,2024-11-19,44091,0,2024-12-24,Late
C0733,L0733,2024-12-11,17573,0,Late Payment,Late
C0734,L0734,2024-10-15,26293,30662,2025-04-13,Missed
C0735,L0735,2024-08-28,23063,40031,2024-10-05,Missed
C0736,L0736,2025-02-19,22577,0,2024-08-12,On-time
C0737,L0737,2025-04-19,28086,20098,2025-03-20,Missed
C0738,L0738,2025-05-20,39823,16607,Not Paid,Missed
C0739,L0739,2025-02-19,5138,0,2025-02-19,On-time
C0740,L0740,2025-03-02,48613,11212,2025-05-23,On-time
C0741,L0741,2024-12-09,22329,0,2025-05-08,Missed
C0742,L0742,2024-09-06,24403,0,2024-12-28,Late
C0743,L0743,2024-07-17,12205,26792,2024-12-31,Missed
C0744,L0744,2024-08-29,49148,36401,2024-12-02,Missed
C0745,L0745,2025-01-01,45921,0,2025-05-01,Missed
C0746,L0746,2025-05-07,33472,0,2025-01-27,Missed
C0747,L0747,2024-10-02,34061,0,2024-12-15,On-time
C0748,L0748,2024-07-12,25878,27952,2024-07-12,On-time
C0749,L0749,2024-11-15,22558,43594,Late Payment,Late
C0750,L0750,2025-04-09,33742,27062,2024-07-30,Late
C0751,L0751,2024-10-03,33559,0,2024-11-18,Late
C0752,L0752,2024-06-27,11121,0,2024-11-25,Missed
C0753,L0753,2025-06-09,24845,13937,2025-02-25,Late
C0754,L0754,2024-09-25,25404,44059,2025-01-09,Late
C0755,L0755,2024-10-13,5314,0,2024-11-08,Missed
C0756,L0756,2025-01-30,23088,0,2025-04-13,Missed
C0757,L0757,2024-12-06,26411,0,2024-08-25,Late
C0758,L0758,2024-11-01,26687,44415,2024-10-06,On-time
C0759,L0759,2024-11-12,35536,0,2025-04-07,Late
C0760,L0760,2025-05-22,46058,18195,2024-07-12,Late
C0761,L0761,2024-11-17,5367,30421,2024-08-17,On-time
C0762,L0762,2025-01-22,44053,49690,2024-07-23,Late
C0763,L0763,2024-10-17,9460,39254,2024-11-26,Late
C0764,L0764,2025-02-04,39838,42738,2025-03-31,Late
C0765,L0765,2025-04-15,22695,0,2025-01-20,Late
C0766,L0766,2025-03-16,39465,29594,2024-08-30,Late
C0767,L0767,2024-11-02,15756,45220,2024-07-30,Missed
C0768,L0768,2025-03-07,12712,0,2025-05-09,Missed
C0769,L0769,2024-10-08,23679,26639,Not Paid,Missed
C0770,L0770,2024-08-30,28788,46333,2024-08-30,On-time
C0771,L0771,2025-05-14,6346,49039,Late Payment,Late
C0772,L0772,2024-11-17,46619,0,2024-06-29,Late
C0773,L0773,2025-01-03,16496,0,2025-02-08,Late
C0774,L0774,2025-05-04,13320,31098,2024-08-19,On-time
C0775,L0775,2024-09-20,49137,0,2024-07-08,Late
C0776,L0776,2024-07-29,29639,0,2024-07-29,On-time
C0777,L0777,2025-05-09,37920,12071,2024-10-18,Missed
C0778,L0778,2025-04-12,21884,0,Not Paid,Missed
C0779,L0779,2024-09-21,32074,0,2024-10-27,On-time
C0780,L0780,2025-03-11,24667,0,Not Paid,Missed
C0781,L0781,2024-09-07,35790,40276,Late Payment,Late
C0782,L0782,2024-10-30,43374,39358,2025-04-25,Late
C0783,L0783,2024-06-14,19525,24005,2025-01-25,On-time
C0784,L0784,2025-04-16,5133,0,2025-01-03,On-time
C0785,L0785,2025-01-15,33600,0,2025-03-03,On-time
C0786,L0786,2025-01-29,34707,0,2025-05-17,On-time
C0787,L0787,2024-07-24,45945,7488,2024-12-11,On-time
C0788,L0788,2024-06-20,32793,0,Not Paid,Missed
C0789,L0789,2024-06-30,17044,31045,2025-03-15,Late
C0790,L0790,2025-05-03,15325,0,2024-10-02,On-time
C0791,L0791,2025-06-05,38527,0,2024-08-16,Late
C0792,L0792,2024-08-12,37122,0,2024-11-29,Missed
C0793,L0793,2025-03-09,34375,25442,2025-06-09,Late
C0794,L0794,2025-01-04,47714,0,2024-06-16,Missed
C0795,L0795,2024-10-19,33576,35840,2025-02-14,Late
C0796,L0796,2024-06-18,19229,0,Late Payment,Late
C0797,L0797,2025-06-01,26114,39475,2025-06-01,On-time
C0798,L0798,2025-05-31,28982,0,2024-07-26,Missed
C0799,L0799,2024-08-07,31815,0,2024-11-29,On-time
C0800,L0800,2024-10-03,40323,28095,2024-12-04,On-time
C0801,L0801,2024-11-24,10497,0,2024-09-12,Late
C0802,L0802,2024-07-07,31271,0,2024-09-13,Late
C0803,L0803,2025-01-30,18037,15157,2025-01-16,On-time
C0804,L0804,2024-08-14,45886,21124,2025-03-08,Late
C0805,L0805,2024-11-17,35952,0,2024-11-17,On-time
C0806,L0806,2025-01-13,32698,0,Late Payment,Late
C0807,L0807,2024-09-11,46775,5209,2025-01-27,Late
C0808,L0808,2025-04-26,21013,10073,2025-03-19,Late
C0809,L0809,2024-11-02,13852,0,2024-07-01,Late
C0810,L0810,2025-01-15,15908,14886,2024-10-16,Late
C0811,L0811,2024-09-07,30884,0,2025-01-02,Late
C0812,L0812,2025-02-23,47667,6924,2025-02-23,On-time
C0813,L0813,2024-10-18,46119,0,2025-04-02,Missed
C0814,L0814,2025-01-16,9981,0,2025-05-11,Late
C0815,L0815,2025-06-06,39878,7889,2025-03-27,Late
C0816,L0816,2024-10-30,29431,0,2025-03-14,Late
C0817,L0817,2024-07-10,48527,0,2024-12-19,Late
C0818,L0818,2024-08-23,25446,0,2024-12-23,Missed
C0819,L0819,2024-12-19,21183,20980,2025-01-26,On-time
C0820,L0820,2025-06-06,10769,0,2025-06-06,On-time
C0821,L0821,2024-06-15,25144,18983,Late Payment,Late
C0822,L0822,2024-07-18,15670,20977,2024-08-14,Late
C0823,L0823,2024-08-28,19925,19567,2025-01-31,Missed
C0824,L0824,2024-06-22,35251,20103,Not Paid,Missed
C0825,L0825,2025-06-07,17109,0,2024-08-22,On-time
C0826,L0826,2025-03-11,11061,0,2024-09-11,Missed
C0827,L0827,2025-04-16,7534,47041,2025-01-18,On-time
C0828,L0828,2024-12-13,31541,26579,2024-12-23,Late
C0829,L0829,2025-02-06,5390,0,2024-09-23,Missed
C0830,L0830,2025-02-12,43984,0,Not Paid,Missed
C0831,L0831,2025-06-07,17161,0,2024-09-17,Late
C0832,L0832,2025-02-08,19644,0,Late Payment,Late
C0833,L0833,2024-11-21,40033,25849,2024-11-23,Late
C0834,L0834,2025-02-27,46511,23011,2024-10-05,On-time
C0835,L0835,2025-04-13,44752,19753,2025-04-23,On-time
C0836,L0836,2024-07-02,28973,0,2024-09-16,Missed
C0837,L0837,2024-09-09,34568,0,2025-02-12,On-time
C0838,L0838,2025-05-02,23662,16721,Not Paid,Missed
C0839,L0839,2025-02-27,34161,36588,2024-12-26,On-time
C0840,L0840,2024-10-18,10404,21057,2025-05-21,Late
C0841,L0841,2024-12-22,9408,0,2024-12-22,On-time
C0842,L0842,2024-06-15,16192,2391,2025-03-31,On-time
C0843,L0843,2025-06-05,11375,20657,Late Payment,Late
C0844,L0844,2025-05-21,18103,29116,2025-02-04,Late
C0845,L0845,2024-12-11,14601,12397,2025-02-11,Late
C0846,L0846,2024-09-17,20722,21198,2025-02-11,Missed
C0847,L0847,2025-05-12,44563,0,2024-10-07,Missed
C0848,L0848,2024-08-08,41505,17725,2024-06-23,On-time
C0849,L0849,2024-11-08,23581,0,2024-06-28,On-time
C0850,L0850,2025-04-27,11170,29255,2024-10-29,Late
C0851,L0851,2024-07-18,23923,0,2024-07-09,Late
C0852,L0852,2025-01-22,39936,11875,2024-06-20,On-time
C0853,L0853,2024-12-20,21477,0,2024-09-05,Missed
C0854,L0854,2025-02-13,30966,45585,2024-08-22,Late
C0855,L0855,2025-02-18,39559,17835,2024-06-26,Missed
C0856,L0856,2025-04-19,5471,4326,2024-11-16,Missed
C0857,L0857,2024-07-31,27287,0,2025-02-17,Missed
C0858,L0858,2025-05-01,14744,8559,2025-05-02,Missed
C0859,L0859,2024-10-11,15805,48567,2025-01-24,Late
C0860,L0860,2024-07-31,8044,7022,2024-08-26,On-time
C0861,L0861,2024-10-09,8652,0,2025-03-22,Late
C0862,L0862,2024-08-01,15446,0,2024-11-01,On-time
C0863,L0863,2025-02-27,18575,42902,2025-05-14,On-time
C0864,L0864,2025-03-11,6339,0,2024-06-19,Missed
C0865,L0865,2024-08-29,25436,0,Not Paid,Missed
C0866,L0866,2025-02-06,35783,0,2024-11-18,Late
C0867,L0867,2025-02-23,13738,0,Late Payment,Late
C0868,L0868,2025-04-27,36744,16127,Late Payment,Late
C0869,L0869,2025-03-06,40224,0,2024-10-22,Missed
C0870,L0870,2025-02-19,7499,5963,2024-08-29,Late
C0871,L0871,2025-01-20,19559,22085,2024-09-30,Late
C0872,L0872,2025-05-17,46049,29600,2025-03-28,Missed
C0873,L0873,2025-04-23,44251,15523,2024-12-25,On-time
C0874,L0874,2024-07-30,26747,13025,Not Paid,Missed
C0875,L0875,2024-07-23,34315,0,2025-03-19,Missed
C0876,L0876,2024-06-13,40652,0,2024-08-24,Late
C0877,L0877,2024-11-23,11662,0,Late Payment,Late
C0878,L0878,2024-07-04,27740,0,2025-01-30,Late
C0879,L0879,2025-01-12,8861,0,2025-03-25,On-time
C0880,L0880,2024-09-04,49173,39395,2024-11-20,Late
C0881,L0881,2024-10-29,17579,37987,2025-01-15,On-time
C0882,L0882,2025-01-27,5851,0,2024-11-22,Late
C0883,L0883,2024-11-08,31710,0,2025-03-25,On-time
C0884,L0884,2024-07-10,31524,0,2025-03-27,Late
C0885,L0885,2024-11-23,12505,0,2024-12-04,Late
C0886,L0886,2025-03-13,36512,11092,2024-11-16,Late
C0887,L0887,2025-01-11,15254,9922,2024-10-30,Late
C0888,L0888,2024-12-24,29059,0,2025-05-06,Missed
C0889,L0889,2025-05-17,23482,0,2024-08-10,Missed
C0890,L0890,2025-03-26,19644,0,2025-03-03,Missed
C0891,L0891,2025-06-04,28428,30742,2024-10-04,Late
C0892,L0892,2024-08-22,8692,19375,2024-08-17,On-time
C0893,L0893,2024-11-27,18494,32956,Late Payment,Late
C0894,L0894,2024-12-10,29409,0,2024-09-01,Missed
C0895,L0895,2024-08-09,35160,4474,2024-11-30,On-time
C0896,L0896,2025-03-16,22232,0,2024-10-09,On-time
C0897,L0897,2024-07-13,9606,46837,2024-11-06,Late
C0898,L0898,2024-10-26,29778,0,Not Paid,Missed
C0899,L0899,2024-10-03,27806,0,2025-01-23,Late
C0900,L0900,2024-06-27,32510,17077,2024-09-26,On-time
C0901,L0901,2025-02-06,30691,28108,2024-10-11,Late
C0902,L0902,2024-08-13,11827,21708,2025-01-12,On-time
C0903,L0903,2025-05-12,17754,45811,Not Paid,Missed
C0904,L0904,2025-04-26,22084,0,Late Payment,Late
C0905,L0905,2024-07-19,49066,45246,2025-04-13,On-time
C0906,L0906,2025-04-23,41583,0,2024-09-04,Missed
C0907,L0907,2024-10-05,47225,27751,Late Payment,Late
C0908,L0908,2024-10-24,42665,34531,2025-03-31,Late
C0909,L0909,2025-04-02,30453,48426,2025-04-18,Late
C0910,L0910,2024-11-29,11365,24150,Late Payment,Late
C0911,L0911,2024-10-27,44007,0,2025-02-28,Missed
C0912,L0912,2024-12-27,21442,15789,2025-02-01,Late
C0913,L0913,2024-10-23,13909,46987,Not Paid,Missed
C0914,L0914,2025-02-03,22873,0,Not Paid,Missed
C0915,L0915,2025-02-09,43100,0,2025-03-30,Late
C0916,L0916,2024-06-19,16063,11346,2024-09-28,On-time
C0917,L0917,2025-05-16,47026,16970,Not Paid,Missed
C0918,L0918,2024-10-07,47514,18691,2024-07-15,On-time
C0919,L0919,2024-06-14,35999,22070,2024-09-18,Missed
C0920,L0920,2025-01-13,34146,34285,2025-06-09,On-time
C0921,L0921,2025-03-25,30224,0,2024-12-27,Late
C0922,L0922,2025-05-04,21517,49882,Not Paid,Missed
C0923,L0923,2025-05-11,44662,0,2025-05-11,On-time
C0924,L0924,2024-11-22,6541,4996,2024-07-15,On-time
C0925,L0925,2025-05-02,37675,25428,2025-05-02,On-time
C0926,L0926,2024-08-01,46433,0,2024-10-12,On-time
C0927,L0927,2025-04-08,8767,0,2025-02-12,Late
C0928,L0928,2024-12-28,43979,35146,2025-05-21,Missed
C0929,L0929,2025-03-17,49147,25893,2024-08-05,Late
C0930,L0930,2025-05-27,46665,6187,2024-08-26,Late
C0931,L0931,2024-07-22,10464,6768,2024-07-13,Late
C0932,L0932,2025-01-07,28550,1913,2024-07-10,Missed
C0933,L0933,2024-10-29,7387,0,2025-04-02,On-time
C0934,L0934,2025-02-15,10450,0,2025-03-11,Late
C0935,L0935,2024-07-15,27183,0,Not Paid,Missed
C0936,L0936,2024-08-31,35779,11286,2025-05-14,On-time
C0937,L0937,2025-04-04,24194,47542,Late Payment,Late
C0938,L0938,2024-11-01,42767,15728,2024-06-13,Missed
C0939,L0939,2024-08-20,24410,26315,2025-04-22,Late
C0940,L0940,2025-02-28,41016,7835,2024-12-09,On-time
C0941,L0941,2025-05-22,29239,0,2025-05-02,Late
C0942,L0942,2024-08-09,25421,0,Not Paid,Missed
C0943,L0943,2024-12-02,17657,29379,2024-12-03,On-time
C0944,L0944,2024-09-21,30013,48095,2024-08-15,Late
C0945,L0945,2024-07-25,43300,27005,2024-10-14,Late
C0946,L0946,2024-11-11,45935,0,2024-07-03,On-time
C0947,L0947,2025-02-19,42899,44717,Late Payment,Late
C0948,L0948,2025-03-10,23049,0,2024-12-31,Late
C0949,L0949,2024-08-16,25893,11616,2024-12-30,Missed
C0950,L0950,2024-08-30,20665,4097,2024-12-21,Late
C0951,L0951,2024-08-03,37413,0,2024-07-08,Late
C0952,L0952,2025-01-14,49345,34258,2025-04-20,Late
C0953,L0953,2024-09-21,20600,0,2024-07-27,Missed
C0954,L0954,2024-08-20,27667,0,2025-01-17,Late
C0955,L0955,2025-03-14,29826,41206,Late Payment,Late
C0956,L0956,2024-12-20,47072,0,2024-09-03,Late
C0957,L0957,2024-08-17,49910,48375,2025-05-16,Late
C0958,L0958,2025-04-26,12430,43202,2024-12-13,On-time
C0959,L0959,2025-01-21,5743,0,Not Paid,Missed
C0960,L0960,2025-04-11,25733,1789,2024-08-10,Late
C0961,L0961,2025-04-19,43519,0,2025-04-18,Missed
C0962,L0962,2024-09-06,11574,0,2024-11-10,Late
C0963,L0963,2024-07-31,16626,34107,2025-01-02,Missed
C0964,L0964,2024-10-28,22591,0,2024-07-27,Missed
C0965,L0965,2025-01-28,29095,0,2024-12-07,Late
C0966,L0966,2025-05-02,44298,35129,2024-07-12,Late
C0967,L0967,2025-05-14,6546,45635,Late Payment,Late
C0968,L0968,2025-03-15,16147,43241,2024-08-09,Late
C0969,L0969,2025-05-03,34742,0,2024-06-10,Late
C0970,L0970,2025-03-19,30573,5367,2025-04-17,On-time
C0971,L0971,2024-09-04,40231,0,2024-06-30,On-time
C0972,L0972,2025-06-07,37640,0,2024-12-16,On-time
C0973,L0973,2024-12-15,27736,0,2024-10-05,Late
C0974,L0974,2025-02-22,30586,22208,2024-12-08,Late
C0975,L0975,2025-03-26,16225,0,2025-01-02,Missed
C0976,L0976,2025-02-14,24126,28914,2025-01-25,Late
C0977,L0977,2025-03-27,45690,49655,Not Paid,Missed
C0978,L0978,2024-09-17,24687,0,2024-08-23,On-time
C0979,L0979,2025-01-28,38841,0,2024-06-23,Missed
C0980,L0980,2025-02-26,48383,0,2024-08-17,On-time
C0981,L0981,2024-07-23,14105,0,2025-04-18,Late
C0982,L0982,2025-04-10,25376,0,2024-06-21,Missed
C0983,L0983,2025-05-23,29116,37603,2024-11-30,On-time
C0984,L0984,2025-01-02,36768,20167,2024-06-20,On-time
C0985,L0985,2024-11-22,17115,0,2024-10-04,Missed
C0986,L0986,2025-04-23,5552,0,2025-01-18,On-time
C0987,L0987,2024-07-13,30442,19369,2024-06-18,On-time
C0988,L0988,2024-06-10,31492,0,2025-04-29,On-time
C0989,L0989,2024-10-10,40739,0,Not Paid,Missed
C0990,L0990,2025-04-11,12746,0,2025-03-08,Late
C0991,L0991,2024-09-14,12398,31706,2025-04-20,Missed
C0992,L0992,2024-11-11,6147,21917,2025-02-16,On-time
C0993,L0993,2025-06-04,28779,24591,2025-06-02,Late
C0994,L0994,2024-10-13,45630,1575,2025-03-30,On-time
C0995,L0995,2024-11-04,16019,12229,2024-11-30,On-time
C0996,L0996,2025-02-07,38523,0,Late Payment,Late
C0997,L0997,2024-07-23,39915,24954,2025-04-01,Late
C0998,L0998,2024-12-10,25778,15742,2025-01-09,Missed
C0999,L0999,2025-02-07,34338,0,2025-02-07,On-time
C1000,L1000,2025-03-21,12833,0,Not Paid,Missed
